name,chrom,chrom_class,is_chr7,raw_div_from_ancestral,jc_div_from_ancestral,tstv_from_ancestral
gu_0_chr1_40564559_40567781,1,macro_derived,False,0.5065868263473053,0.8439846779783657,0.8076923076923077
gu_1_chr1A_23886240_23889460,1A,macro_derived,False,0.5105140186915887,0.8561837434136645,0.8361344537815126
gu_3_chr6_396658_399970,6,macro_derived,False,0.2578125,0.31591009880722765,0.9161290322580645
gu_4_chr6_531268_534582,6,macro_derived,False,0.2586805555555556,0.31723401795065453,0.9225806451612903
gu_5_chr6_540330_543643,6,macro_derived,False,0.256993006993007,0.31466238599242746,0.896774193548387
gu_6_chr6_549251_552565,6,macro_derived,False,0.2578125,0.31591009880722765,0.9038461538461539
gu_7_chr6_558289_561603,6,macro_derived,False,0.256993006993007,0.31466238599242746,0.896774193548387
gu_8_chr6_567247_570559,6,macro_derived,False,0.2578125,0.31591009880722765,0.9161290322580645
gu_9_chr6_576198_579510,6,macro_derived,False,0.2586805555555556,0.31723401795065453,0.9225806451612903
gu_10_chr7_731175_734562,7,chr7_ancestral,True,0.5199063231850117,0.8861900175206048,0.8347107438016529
gu_11_chr7_738853_742240,7,chr7_ancestral,True,0.5199063231850117,0.8861900175206048,0.8347107438016529
gu_12_chr7_1801915_1805300,7,chr7_ancestral,True,0.25957446808510637,0.31859981986171504,0.930379746835443
gu_13_chr7_2238514_2241740,7,chr7_ancestral,True,0.5304136253041363,0.9212456586235974,0.8793103448275862
gu_14_chr7_3252147_3256307,7,chr7_ancestral,True,0.2,0.2326161962278796,1.43
gu_16_chr7_27746860_27751603,7,chr7_ancestral,True,0.4002016129032258,0.5720371911646744,0.8551401869158879
gu_18_chr7_29660300_29663599,7,chr7_ancestral,True,0.5075949367088608,0.8470972982914393,0.8310502283105022
gu_19_chr8_27545488_27548936,8,macro_derived,False,0.5111111111111111,0.8580559970586499,0.7983539094650206
gu_20_chr16_561629_564583,16,micro_derived,False,0.47900466562986005,0.7634787016089037,0.8011695906432749
gu_21_chr16_620170_623060,16,micro_derived,False,0.26697892271662765,0.3300096866715399,0.8688524590163934
gu_22_chr16_672352_675234,16,micro_derived,False,0.27192118226600986,0.3377231977312403,0.8278145695364238
gu_23_chr16_699398_702353,16,micro_derived,False,0.27902621722846443,0.3489530827264651,0.8395061728395061
gu_24_chr16_792552_795506,16,micro_derived,False,0.2753074739829707,0.3430544443065069,0.8074534161490683
gu_25_chr16_819838_822729,16,micro_derived,False,0.479933110367893,0.7660526541271047,0.8164556962025317
gu_26_chr16_951540_954496,16,micro_derived,False,0.2746566791510612,0.34202691213098024,0.8487394957983193
gu_27_chr16_964731_967686,16,micro_derived,False,0.4821150855365474,0.7721368064190528,0.7714285714285715
gu_28_chr16_1012605_1015496,16,micro_derived,False,0.479933110367893,0.7660526541271047,0.8164556962025317
gu_29_chr16_1061814_1064760,16,micro_derived,False,0.2867570385818561,0.3613661515476724,0.8835616438356164
gu_30_chr16_1110691_1113582,16,micro_derived,False,0.26877470355731226,0.33280324073478007,0.825503355704698
gu_31_chr16_1164729_1167683,16,micro_derived,False,0.2806652806652807,0.3515677540176641,0.8620689655172413
gu_32_chr16_1198313_1201269,16,micro_derived,False,0.27715355805243447,0.34597688834474954,0.8048780487804879
gu_33_chr16_1289411_1292908,16,micro_derived,False,0.27562189054726366,0.34355137767065,0.8223684210526315
gu_34_chr16_1310272_1313163,16,micro_derived,False,0.479933110367893,0.7660526541271047,0.8050314465408805
gu_35_chr16_1374654_1377546,16,micro_derived,False,0.2727272727272727,0.3389888428072928,0.8355263157894737
gu_36_chr16_1408215_1411107,16,micro_derived,False,0.27174975562072334,0.33745431541774484,0.8051948051948052
gu_37_chr16_1435216_1438107,16,micro_derived,False,0.27468230694037143,0.34206734892539203,0.8246753246753247
gu_38_chr16_1478472_1481363,16,micro_derived,False,0.2813522355507088,0.3526663166562939,0.8695652173913043
gu_39_chr16_1532441_1535396,16,micro_derived,False,0.4842271293375394,0.7780733491447713,0.8383233532934131
gu_40_chr16_1611497_1614997,16,micro_derived,False,0.2761044176706827,0.34431464966044634,0.8707482993197279
gu_41_chr16_1634416_1637371,16,micro_derived,False,0.48738170347003157,0.7870286794237098,0.8502994011976048
gu_42_chr16_1700023_1702914,16,micro_derived,False,0.2727272727272727,0.3389888428072928,0.8116883116883117
gu_43_chr16_1753490_1756380,16,micro_derived,False,0.2802617230098146,0.35092314329748364,0.9037037037037037
gu_44_chr16_1779141_1782038,16,micro_derived,False,0.2756598240469208,0.3436113535880443,0.8311688311688312
gu_45_chr16_1805339_1808293,16,micro_derived,False,0.2815442561205273,0.3529736795635917,0.845679012345679
gu_46_chr16_1857162_1860116,16,micro_derived,False,0.2818352059925094,0.3534396364846256,0.8132530120481928
gu_47_chr16_1914205_1917158,16,micro_derived,False,0.2806652806652807,0.3515677540176641,0.875
gu_48_chr16_1937007_1939889,16,micro_derived,False,0.4816053511705686,0.7707110541965851,0.8343949044585988
gu_49_chr16_1985267_1988159,16,micro_derived,False,0.47906197654941374,0.7636373306698583,0.810126582278481
gu_50_chr16_2007994_2010884,16,micro_derived,False,0.2756598240469208,0.3436113535880443,0.8076923076923077
gu_51_chr16_2060222_2063114,16,micro_derived,False,0.27137176938369784,0.3368617852272925,0.8322147651006712
gu_52_chr16_2086065_2089020,16,micro_derived,False,0.27981220657276995,0.3502057733593626,0.806060606060606
gu_53_chr16_2125730_2128685,16,micro_derived,False,0.2753074739829707,0.3430544443065069,0.81875
gu_54_chr16_2147841_2150731,16,micro_derived,False,0.2748091603053435,0.34226753655341513,0.8947368421052632
gu_55_chr16_2198378_2201866,16,micro_derived,False,0.2775290957923008,0.34657277991674224,0.8674698795180723
gu_56_chr16_2240550_2244018,16,micro_derived,False,0.28548123980424145,0.35930344586785423,0.8229166666666666
gu_57_chr16_2271535_2274424,16,micro_derived,False,0.48,0.7662384356489857,0.8113207547169812
gu_58_chr16_2312053_2314945,16,micro_derived,False,0.27174975562072334,0.33745431541774484,0.8533333333333334
gu_59_chr16_2326924_2329816,16,micro_derived,False,0.4824120603015075,0.7729687107623824,0.8113207547169812
gu_60_chr16_2358646_2361538,16,micro_derived,False,0.27468230694037143,0.34206734892539203,0.8366013071895425
gu_61_chr16_2387151_2390041,16,micro_derived,False,0.27370478983382207,0.34052651633413145,0.8181818181818182
gu_62_chr16_2408616_2411507,16,micro_derived,False,0.27589967284623773,0.34399068492771856,0.9022556390977443
gu_63_chr16_2423161_2426041,16,micro_derived,False,0.27120315581854043,0.336597617975976,0.7973856209150327
gu_64_chr16_2446093_2466060,16,micro_derived,False,0.5211097708082026,0.8901229998058308,0.8
gu_65_chr16_2495946_2515081,16,micro_derived,False,0.27904667328699106,0.34898565858874325,0.8486842105263158
gu_66_chr16_2556796_2559687,16,micro_derived,False,0.2727272727272727,0.3389888428072928,0.8355263157894737
gu_67_chr16_2579788_2582680,16,micro_derived,False,0.479933110367893,0.7660526541271047,0.8280254777070064
gu_68_chr16_2628967_2631922,16,micro_derived,False,0.2808988764044944,0.3519411344876209,0.8292682926829268
gu_69_chr16_2651613_2654566,16,micro_derived,False,0.5063649222065064,0.843301262663268,0.845360824742268
gu_70_chr16_2738964_2741917,16,micro_derived,False,0.28274428274428276,0.3548973932266879,0.8758620689655172
gu_71_chr16_2767650_2770541,16,micro_derived,False,0.47738693467336685,0.7590148198891067,0.8152866242038217
gu_72_chr16_2793706_2796661,16,micro_derived,False,0.48833592534992226,0.7897587624457509,0.7942857142857143
gu_73_chr16_2820672_2823625,16,micro_derived,False,0.2765509989484753,0.345021754528158,0.852112676056338
gu_74_chr16_2850751_2853706,16,micro_derived,False,0.27808988764044945,0.34746350924774294,0.84472049689441
gu_75_chr16_2873168_2876669,16,micro_derived,False,0.5107238605898123,0.8568411948992145,0.9740932642487047
gu_76_chr16_2925767_2928657,16,micro_derived,False,0.27174975562072334,0.33745431541774484,0.8169934640522876
gu_77_chr16_2951319_2954209,16,micro_derived,False,0.485,0.7802575354081003,0.7962962962962963
gu_78_chr16_2978765_2981719,16,micro_derived,False,0.4889589905362776,0.7915467653762454,0.8562874251497006
gu_79_chr16_3006500_3009392,16,micro_derived,False,0.4816053511705686,0.7707110541965851,0.8
gu_80_chr16_3030148_3033041,16,micro_derived,False,0.26778656126482214,0.33126477865686205,0.8187919463087249
gu_81_chr16_3050921_3053875,16,micro_derived,False,0.27808988764044945,0.34746350924774294,0.8109756097560976
gu_82_chr16_3087392_3090284,16,micro_derived,False,0.27468230694037143,0.34206734892539203,0.8129032258064516
gu_83_chr16_3127650_3130532,16,micro_derived,False,0.4765886287625418,0.7568217683711571,0.8037974683544303
gu_84_chr16_3165391_3168282,16,micro_derived,False,0.479933110367893,0.7660526541271047,0.8280254777070064
gu_85_chr16_3180891_3183846,16,micro_derived,False,0.4842271293375394,0.7780733491447713,0.8493975903614458
gu_86_chr16_3227120_3230009,16,micro_derived,False,0.4977645305514158,0.8172826145456371,0.7956989247311828
gu_87_chr16_3281440_3284332,16,micro_derived,False,0.27370478983382207,0.34052651633413145,0.8421052631578947
gu_88_chr16_3380634_3383525,16,micro_derived,False,0.2726269315673289,0.3388311804144482,0.9
gu_89_chr16_3399519_3402410,16,micro_derived,False,0.4816053511705686,0.7707110541965851,0.8113207547169812
gu_90_chr16_3430734_3433690,16,micro_derived,False,0.28370786516853935,0.35644565253277977,0.8253012048192772
gu_92_chr16_3462961_3465851,16,micro_derived,False,0.2756598240469208,0.3436113535880443,0.8076923076923077
gu_93_chr16_3512119_3515072,16,micro_derived,False,0.2808988764044944,0.3519411344876209,0.8292682926829268
gu_94_chr16_3566394_3569285,16,micro_derived,False,0.27370478983382207,0.34052651633413145,0.8181818181818182
gu_95_chr16_3607948_3610839,16,micro_derived,False,0.27370478983382207,0.34052651633413145,0.8181818181818182
gu_96_chr16_3651224_3654115,16,micro_derived,False,0.2756598240469208,0.3436113535880443,0.8193548387096774
gu_97_chr16_3714670_3717624,16,micro_derived,False,0.27715355805243447,0.34597688834474954,0.8271604938271605
gu_98_chr16_3731309_3734191,16,micro_derived,False,0.27647058823529413,0.34489438513047244,0.8193548387096774
gu_99_chr16_3794061_3797015,16,micro_derived,False,0.2818352059925094,0.3534396364846256,0.8132530120481928
gu_100_chr16_3849542_3852497,16,micro_derived,False,0.4781931464174455,0.7612361171967738,0.7848837209302325
gu_101_chr16_3903539_3906431,16,micro_derived,False,0.2727272727272727,0.3389888428072928,0.8235294117647058
gu_102_chr16_3943581_3947002,16,micro_derived,False,0.2774308652988403,0.34641686510397784,0.8734939759036144
gu_103_chr16_3988921_3991803,16,micro_derived,False,0.2725490196078431,0.3387087830579595,0.8051948051948052
gu_104_chr16_4063763_4066654,16,micro_derived,False,0.2841409691629956,0.35714259532742576,0.8832116788321168
gu_105_chr21_7807407_7810927,21,micro_derived,False,0.512853470437018,0.8635462411845216,0.8820754716981132
gu_106_chr22_195984_199487,22,micro_derived,False,0.24440465532676814,0.29575242845198035,1.0526315789473684
gu_107_chr22_227088_230611,22,micro_derived,False,0.24866785079928952,0.30210326449360353,1.0588235294117647
gu_108_chr24_131353_140610,24,micro_derived,False,0.30303030303030304,0.3881868046716528,0.8784530386740331
gu_109_chr24_271902_274480,24,micro_derived,False,0.2569124423963134,0.3145398349700793,0.7983870967741935
gu_110_chr24_350284_353097,24,micro_derived,False,0.26125244618395305,0.3211703251674455,0.8163265306122449
gu_111_chr25_935131_938617,25,micro_derived,False,0.49372862029646525,0.8053771849265043,0.9244444444444444
gu_112_chr25_1039316_1042607,25,micro_derived,False,0.25065502183406113,0.3050820079752514,0.782608695652174
gu_113_chr25_1067364_1070875,25,micro_derived,False,0.24866785079928952,0.30210326449360353,1.0289855072463767
gu_114_chr25_1129000_1132488,25,micro_derived,False,0.26422764227642276,0.32574981908176226,0.8055555555555556
gu_115_chr25_1266520_1269817,25,micro_derived,False,0.2530647985989492,0.30871017630646264,0.7839506172839507
gu_116_chr25_1345697_1346649,25,micro_derived,False,0.558252427184466,1.0229200683230428,1.1296296296296295
gu_117_chr25_1357033_1360451,25,micro_derived,False,0.295,0.3748318406845542,0.893048128342246
gu_118_chr25_1384334_1387923,25,micro_derived,False,0.49943374858437145,0.822262383198105,0.9090909090909091
gu_119_chr25_1486267_1489564,25,micro_derived,False,0.2539404553415061,0.31003292797208515,0.7791411042944786
gu_120_chr25_1510385_1513874,25,micro_derived,False,0.2710204081632653,0.33631141184693514,0.8444444444444444
gu_121_chr25_1657628_1661086,25,micro_derived,False,0.26307053941908715,0.3239654540563811,0.8323699421965318
gu_122_chr25_1686365_1689887,25,micro_derived,False,0.2468916518650089,0.29945074183484527,1.0291970802919708
gu_123_chr25_1790741_1791717,25,micro_derived,False,0.5533980582524272,1.0041690916689796,1.1111111111111112
gu_124_chr25_1801998_1805490,25,micro_derived,False,0.2773403324584427,0.3462731969670257,0.8647058823529412
gu_125_chr25_1943453_1946751,25,micro_derived,False,0.2534843205574913,0.3093436076993512,0.774390243902439
gu_126_chr25_1985646_1988894,25,micro_derived,False,0.5182038834951457,0.8806612720582958,0.8565217391304348
gu_127_chr25_2042762_2046249,25,micro_derived,False,0.5005393743257821,0.8255790875411547,0.9414225941422594
gu_128_chr25_2084118_2087558,25,micro_derived,False,0.5091496232508074,0.8519229819053198,0.9385245901639344
gu_129_chr25_2196640_2200000,25,micro_derived,False,0.2602510460251046,0.3196352141571075,0.8081395348837209
gu_130_chr25_2285522_2286475,25,micro_derived,False,0.5485436893203883,0.9858755018258605,1.0925925925925926
gu_131_chr25_2296635_2300076,25,micro_derived,False,0.2747342600163532,0.34214932975036894,0.8983050847457628
gu_132_chr25_2387820_2391117,25,micro_derived,False,0.2530647985989492,0.30871017630646264,0.7839506172839507
gu_133_chr25_2440388_2444028,25,micro_derived,False,0.4916759156492786,0.7993937017495352,0.8931623931623932
gu_134_chr25_2555274_2558571,25,micro_derived,False,0.2530647985989492,0.30871017630646264,0.7839506172839507
gu_135_chr25_2696105_2699464,25,micro_derived,False,0.2602510460251046,0.3196352141571075,0.8081395348837209
gu_136_chr25_2885280_2888577,25,micro_derived,False,0.2539404553415061,0.31003292797208515,0.7901234567901234
gu_137_chr25_3009639_3012935,25,micro_derived,False,0.2504378283712785,0.30475586134653326,0.7763975155279503
gu_138_chr25_3088603_3089547,25,micro_derived,False,0.5631067961165048,1.042151891283046,1.1886792452830188
gu_139_chr25_3099769_3103179,25,micro_derived,False,0.2976391231028668,0.3791947087763524,0.8677248677248677
gu_140_chr25_3192200_3193152,25,micro_derived,False,0.5631067961165048,1.042151891283046,1.1481481481481481
gu_141_chr25_3203255_3206699,25,micro_derived,False,0.267515923566879,0.33084396638028635,0.8
gu_142_chr25_3311510_3314806,25,micro_derived,False,0.25327510917030566,0.3090276549535491,0.7791411042944786
gu_143_chr25_3414686_3418192,25,micro_derived,False,0.24171888988361684,0.29177890922381394,1.0454545454545454
gu_144_chr25_3440324_3443823,25,micro_derived,False,0.24171888988361684,0.29177890922381394,1.0149253731343284
gu_145_chr25_3776789_3777742,25,micro_derived,False,0.558252427184466,1.0229200683230428,1.1296296296296295
gu_146_chr25_3788109_3791528,25,micro_derived,False,0.26666666666666666,0.3295249948378842,0.7923497267759563
gu_147_chr25_3880378_3883867,25,micro_derived,False,0.5044543429844098,0.8374427257226386,0.9358974358974359
gu_148_chr25_3987589_3991039,25,micro_derived,False,0.26206322795341097,0.32241553091238123,0.8208092485549133
gu_149_chr25_4059649_4063008,25,micro_derived,False,0.2602510460251046,0.3196352141571075,0.8081395348837209
gu_150_chr25_4100557_4103877,25,micro_derived,False,0.5081761006289308,0.8488975753625982,0.8116591928251121
gu_151_chr25_4144776_4148071,25,micro_derived,False,0.508130081300813,0.8487548631967484,0.8115942028985508
gu_152_chr25_4236188_4239485,25,micro_derived,False,0.2521891418563923,0.30738975343018793,0.7668711656441718
gu_153_chr25_4331995_4335424,25,micro_derived,False,0.5070729053318824,0.845483872610473,0.9662447257383966
gu_154_chr25_4346141_4349583,25,micro_derived,False,0.2959268495428096,0.3763611728348235,0.8541666666666666
gu_155_chr25_4432026_4435323,25,micro_derived,False,0.2521891418563923,0.30738975343018793,0.7888198757763976
gu_156_chr25_4518765_4522252,25,micro_derived,False,0.47692307692307695,0.7577397611418235,0.9638009049773756
gu_157_chr25_4586580_4590093,25,micro_derived,False,0.512987012987013,0.8639687020300517,0.8720379146919431
gu_158_chr25_4661105_4664472,25,micro_derived,False,0.5131414267834794,0.8644574857477019,0.8468468468468469
gu_159_chr25_4765948_4769467,25,micro_derived,False,0.24600355239786856,0.29812799016922276,1.036764705882353
gu_160_chr25_4823170_4826663,25,micro_derived,False,0.27947238252267104,0.34966391331177304,0.9261363636363636
gu_161_chr25_4960897_4964193,25,micro_derived,False,0.2550218340611354,0.31166966561169046,0.7804878048780488
gu_163_chr28_5729521_5733037,28,micro_derived,False,0.2589928057553957,0.3177108199603812,0.9459459459459459
gu_164_chr28_5959215_5962162,28,micro_derived,False,0.27058823529411763,0.3356350082637478,0.8904109589041096
gu_165_chr28_5993558_5996855,28,micro_derived,False,0.5151133501259446,0.8707276122836134,0.801762114537445
gu_166_chr28_6251644_6254566,28,micro_derived,False,0.48034934497816595,0.767209466695779,0.8857142857142857
gu_167_chr29_496745_500040,29,micro_derived,False,0.5127226463104325,0.8631326106701662,0.8235294117647058
gu_168_chr29_537113_540551,29,micro_derived,False,0.4891922639362912,0.7922172855726163,0.9369369369369369
gu_169_chr29_601996_605317,29,micro_derived,False,0.5115089514066496,0.8593060717572449,0.8433179723502304
gu_170_chr29_744198_747443,29,micro_derived,False,0.5105882352941177,0.8564162041124486,0.8312236286919831
gu_171_chr29_809983_813492,29,micro_derived,False,0.4971815107102593,0.8155510566891697,0.925764192139738
gu_172_chr29_824081_827569,29,micro_derived,False,0.2710951526032316,0.3364284579702302,0.8083832335329342
gu_173_chr29_885316_897684,29,micro_derived,False,0.2523285351397121,0.3075997922440518,0.7951807228915663
gu_174_chr29_904906_923253,29,micro_derived,False,0.5116279069767442,0.8596802532430232,0.8767772511848341
gu_175_chr29_929733_932981,29,micro_derived,False,0.5109223300970874,0.8574635465397769,0.8464912280701754
gu_176_chr29_1029136_1046074,29,micro_derived,False,0.26595744680851063,0.3284252878959886,0.8055555555555556
gu_177_chr29_1121970_1125218,29,micro_derived,False,0.2519148936170213,0.30697668581659365,0.85
gu_178_chr29_1188063_1191541,29,micro_derived,False,0.5017381228273464,0.8291917958653181,0.9244444444444444
gu_179_chr29_1251258_1254746,29,micro_derived,False,0.5092491838955386,0.8522330745119003,0.9581589958158996
gu_180_chr29_1261409_1264916,29,micro_derived,False,0.27157129881925524,0.3371745086899504,0.86875
gu_181_chr29_1297671_1321050,29,micro_derived,False,0.39176245210727967,0.5541576739322032,0.867579908675799
gu_182_chr29_1360811_1364246,29,micro_derived,False,0.5048966267682263,0.838794865061594,0.9578059071729957
gu_183_chr29_1375460_1378948,29,micro_derived,False,0.2607329842931937,0.3203736162699578,0.7913669064748201
gu_184_chr29_1427627_1430873,29,micro_derived,False,0.5128805620608899,0.8636319260926462,0.8326359832635983
gu_185_chr29_1478395_1481896,29,micro_derived,False,0.5005393743257821,0.8255790875411547,0.9578059071729957
gu_186_chr29_1492776_1496254,29,micro_derived,False,0.26221804511278196,0.3226535357129401,0.8355263157894737
gu_187_chr29_1531996_1535357,29,micro_derived,False,0.502375296912114,0.8311191754137672,0.8716814159292036
gu_188_chr29_1545595_1549081,29,micro_derived,False,0.26655764513491415,0.32935584257193645,0.8011049723756906
gu_189_chr29_1678209_1681650,29,micro_derived,False,0.514689880304679,0.869376678068938,0.9385245901639344
gu_190_chr29_1850465_1853955,29,micro_derived,False,0.27661909989023054,0.34512964234695587,0.9384615384615385
gu_191_chr29_1930679_1933927,29,micro_derived,False,0.5105882352941177,0.8564162041124486,0.8312236286919831
gu_192_chr29_1991973_1995472,29,micro_derived,False,0.4903078677309008,0.7954322878352507,0.9026548672566371
gu_193_chr29_2029761_2033268,29,micro_derived,False,0.5203619909502263,0.8876767583580563,0.9327731092436975
gu_194_chr29_2125215_2128460,29,micro_derived,False,0.2546689303904924,0.31113513002485527,0.8404907975460123
gu_195_chr29_2149600_2153087,29,micro_derived,False,0.4868871151653364,0.7856175349030805,0.9234234234234234
gu_196_chr29_2235895_2239350,29,micro_derived,False,0.26957955482275353,0.334058668932302,0.8268156424581006
gu_197_chr29_2302794_2306041,29,micro_derived,False,0.25212224108658743,0.30728896774966563,0.8109756097560976
gu_198_chr29_2392670_2396178,29,micro_derived,False,0.2937710437710438,0.3728088195233723,0.8663101604278075
gu_199_chr29_2431075_2434225,29,micro_derived,False,0.24717145343777197,0.2998679671818634,0.7861635220125787
gu_200_chr29_2440668_2444317,29,micro_derived,False,0.24889673433362755,0.3024457556929182,1.1044776119402986
gu_201_chr29_2460696_2478783,29,micro_derived,False,0.5178389398572885,0.8794813882301356,0.9026217228464419
gu_202_chr30_2347314_2350798,30,micro_derived,False,0.26666666666666666,0.3295249948378842,0.8324022346368715
gu_203_chr30_2356706_2359763,30,micro_derived,False,0.24007060900264784,0.2893507045663014,0.8503401360544217
gu_204_chr30_2514352_2517840,30,micro_derived,False,0.498812351543943,0.8204047074781599,0.9626168224299065
gu_205_chr30_3032603_3036088,30,micro_derived,False,0.26863226863226863,0.33258128567905865,0.8324022346368715
gu_206_chr30_3131368_3134858,30,micro_derived,False,0.28914505283381364,0.3652423959565339,0.8580246913580247
gu_207_chr30_3282286_3285769,30,micro_derived,False,0.2693877551020408,0.3337593038973142,0.8539325842696629
gu_208_chr30_3430251_3433571,30,micro_derived,False,0.24013722126929674,0.2894486837458652,0.8300653594771242
gu_209_chr30_3507484_3510979,30,micro_derived,False,0.4723726977248104,0.7453452236988398,0.9728506787330317
gu_210_chr30_3958278_3961513,30,micro_derived,False,0.5145089285714286,0.8688001552853124,0.9533898305084746
gu_211_chr30_3971011_3974366,30,micro_derived,False,0.26666666666666666,0.3295249948378842,0.8121546961325967
gu_212_chr30_4444409_4447353,30,micro_derived,False,0.48872180451127817,0.7908656128193787,0.9696969696969697
gu_213_chr30_4699674_4703022,30,micro_derived,False,0.5151175811870101,0.8707411223080521,0.9742489270386266
gu_214_chr30_4818380_4821618,30,micro_derived,False,0.25563063063063063,0.31259269309891324,0.8306451612903226
gu_215_chr30_4867654_4871152,30,micro_derived,False,0.2969543147208122,0.3780601767198443,0.8972972972972973
gu_216_chr30_5198346_5202350,30,micro_derived,False,0.26884422110552764,0.332911593158967,0.7445652173913043
gu_217_chr30_5391881_5395309,30,micro_derived,False,0.49710312862108924,0.8153185679339516,0.9066666666666666
gu_218_chr30_5524514_5527959,30,micro_derived,False,0.2761126248864669,0.3443276387351917,0.9363057324840764
gu_219_chr30_5620579_5624569,30,micro_derived,False,0.5066344993968637,0.8441315816500917,0.9444444444444444
gu_220_chr30_5634846_5638335,30,micro_derived,False,0.26563769293257516,0.3279300086475912,0.8166666666666667
gu_221_chr30_5902272_5905712,30,micro_derived,False,0.5112866817155757,0.8586074097502258,0.9525862068965517
gu_222_chr30_6272448_6275937,30,micro_derived,False,0.2710204081632653,0.33631141184693514,0.8241758241758241
gu_223_chr30_6309804_6313158,30,micro_derived,False,0.5087514585764294,0.8506841341816487,0.9122807017543859
gu_224_chr30_6323553_6327062,30,micro_derived,False,0.2761126248864669,0.3443276387351917,0.9
gu_225_chr30_6785028_6788382,30,micro_derived,False,0.2774613506916192,0.3464652490978015,0.9050279329608939
gu_226_chr30_6895316_6898738,30,micro_derived,False,0.49710982658959535,0.8153384319317808,0.9634703196347032
gu_227_chr30_7130015_7133441,30,micro_derived,False,0.4947856315179606,0.8084770153615187,0.8810572687224669
gu_228_chr30_7233516_7236956,30,micro_derived,False,0.49580838323353293,0.8114886204057132,0.9345794392523364
gu_229_chr30_7980168_7983467,30,micro_derived,False,0.5105633802816901,0.8563383453999887,0.9333333333333333
gu_230_chr30_8040142_8043568,30,micro_derived,False,0.5169300225733634,0.8765508493141594,0.9656652360515021
gu_231_chr30_8427008_8430230,30,micro_derived,False,0.5120087336244541,0.8608794220749448,0.9705882352941176
gu_232_chr30_8562056_8565564,30,micro_derived,False,0.271484375,0.33703825653224984,0.8783783783783784
gu_233_chr30_9008213_9010764,30,micro_derived,False,0.272264631043257,0.338262186579927,0.8938053097345132
gu_234_chr30_9141227_9144618,30,micro_derived,False,0.5152941176470588,0.8713050305269973,0.8638297872340426
gu_235_chr30_9152098_9155525,30,micro_derived,False,0.49829351535836175,0.8188571560090178,0.9210526315789473
gu_236_chr30_9402950_9406438,30,micro_derived,False,0.2638888888888889,0.32522698880614553,0.8044692737430168
gu_237_chr30_9413321_9416498,30,micro_derived,False,0.22760041194644695,0.27123031285021487,0.9051724137931034
gu_238_chr31_2479626_2487131,31,micro_derived,False,0.4872881355932203,0.7867615106465531,0.8852459016393442
gu_239_chr31_2688834_2692203,31,micro_derived,False,0.5376623376623376,0.9464215890439802,0.9528301886792453
gu_240_chr31_2755437_2758794,31,micro_derived,False,0.2829845313921747,0.35528311953959807,0.9316770186335404
gu_241_chr31_2839966_2843452,31,micro_derived,False,0.4982896237172178,0.8188455603272495,0.9166666666666666
gu_242_chr31_3023279_3026583,31,micro_derived,False,0.23693379790940766,0.28475124058210805,0.825503355704698
gu_243_chr31_3078654_3091286,31,micro_derived,False,0.4975786924939467,0.8167302448727556,0.9571428571428572
gu_244_chr31_3195246_3198612,31,micro_derived,False,0.5208070617906684,0.8891317745770786,0.9666666666666667
gu_245_chr31_3208662_3212034,31,micro_derived,False,0.28452579034941766,0.357762386168544,0.8387096774193549
gu_246_chr31_3349687_3353175,31,micro_derived,False,0.4982896237172178,0.8188455603272495,0.9082969432314411
gu_247_chr31_3408417_3411966,31,micro_derived,False,0.5041916167664671,0.8366406780499027,0.8068669527896996
gu_248_chr31_3469354_3472840,31,micro_derived,False,0.2754098360655738,0.3432161907768945,0.9310344827586207
gu_249_chr31_3629970_3633342,31,micro_derived,False,0.2761126248864669,0.3443276387351917,0.8536585365853658
gu_250_chr31_3726637_3729960,31,micro_derived,False,0.24636441402908468,0.29866518276724496,0.8227848101265823
gu_251_chr31_3796421_3799743,31,micro_derived,False,0.24061433447098976,0.29015083821943116,0.8076923076923077
gu_252_chr31_3841994_3845480,31,micro_derived,False,0.4903078677309008,0.7954322878352507,0.9282511210762332
gu_253_chr31_3856105_3859365,31,micro_derived,False,0.26156433978132887,0.32164908944136184,0.7670454545454546
gu_254_chr31_3908194_3911683,31,micro_derived,False,0.4982896237172178,0.8188455603272495,0.9251101321585903
gu_255_chr31_3921763_3925248,31,micro_derived,False,0.2636734693877551,0.32489470091114614,0.8146067415730337
gu_256_chr31_3973856_3976803,31,micro_derived,False,0.2449197860962567,0.29651696284146534,1.063063063063063
gu_257_chr31_3995799_3999081,31,micro_derived,False,0.5102286401925391,0.855290553550007,0.9720930232558139
gu_258_chr31_4052960_4055431,31,micro_derived,False,0.24085365853658536,0.2905032926367057,0.8160919540229885
gu_259_chr31_4166091_4169579,31,micro_derived,False,0.25863874345549737,0.31717019442174826,0.8161764705882353
gu_260_chr31_4258212_4261699,31,micro_derived,False,0.505933117583603,0.8419731829005291,0.9380165289256198
gu_261_chr31_4337918_4341355,31,micro_derived,False,0.2682926829268293,0.3320523771790469,0.8232044198895028
gu_262_chr31_4403421_4406909,31,micro_derived,False,0.26745240253853125,0.3307452322710994,0.7987804878048781
gu_263_chr31_4493697_4497152,31,micro_derived,False,0.5,0.8239592165010822,0.9264069264069265
gu_264_chr31_4652183_4655619,31,micro_derived,False,0.5037756202804746,0.8353724802292473,0.9297520661157025
gu_265_chr31_4749566_4753045,31,micro_derived,False,0.4621380846325167,0.7181942264264511,0.9483568075117371
gu_266_chr31_4849012_4852518,31,micro_derived,False,0.4937142857142857,0.8053352347251959,0.9547511312217195
gu_267_chr31_4863405_4866843,31,micro_derived,False,0.26422764227642276,0.32574981908176226,0.8361581920903954
gu_268_chr31_4904022_4907319,31,micro_derived,False,0.2504378283712785,0.30475586134653326,0.7763975155279503
gu_269_chr32_2878258_2881700,32,micro_derived,False,0.27521206409048066,0.34290371467598196,0.8961038961038961
gu_270_chr32_2911281_2914498,32,micro_derived,False,0.4930643127364439,0.8034355477965711,0.9261083743842364
gu_271_chr32_3085861_3089319,32,micro_derived,False,0.26380368098159507,0.32509553669819347,0.88125
gu_272_chr32_3118855_3122244,32,micro_derived,False,0.5108695652173914,0.8572980384292077,0.9183673469387755
gu_273_chr32_3697159_3700595,32,micro_derived,False,0.512249443207127,0.8616383723863045,0.9658119658119658
gu_274_chr32_3870247_3873732,32,micro_derived,False,0.2762790697674419,0.34459110975230023,0.8333333333333334
gu_275_chr32_3903020_3906479,32,micro_derived,False,0.5231578947368422,0.8968642519492522,0.8754716981132076
gu_276_chr32_4315921_4319428,32,micro_derived,False,0.26588465298142716,0.3283125059408889,0.8758620689655172
gu_277_chr32_4348642_4352059,32,micro_derived,False,0.4883720930232558,0.789862435943514,0.9193548387096774
gu_279_chr33_1884497_1885372,33,micro_derived,False,0.554140127388535,1.007005303983,0.9333333333333333
gu_280_chr33_1940682_1944118,33,micro_derived,False,0.2742857142857143,0.34144182945838486,0.8162162162162162
gu_281_chr33_2010108_2013562,33,micro_derived,False,0.5086206896551724,0.8502777063595348,0.9344262295081968
gu_283_chr33_2175695_2179131,33,micro_derived,False,0.5026852846401718,0.8320586472674021,0.9338842975206612
gu_284_chr33_2238513_2241833,33,micro_derived,False,0.5056603773584906,0.8411355397160956,0.8026905829596412
gu_285_chr33_2491832_2495320,33,micro_derived,False,0.4938820912124583,0.8058264651633174,0.8974358974358975
gu_286_chr33_2505410_2508896,33,micro_derived,False,0.264825345247766,0.3266732006450652,0.8111111111111111
gu_287_chr33_2658462_2661782,33,micro_derived,False,0.24528301886792453,0.2970565258187439,0.8451612903225807
gu_288_chr33_2776296_2791743,33,micro_derived,False,0.5182625863770978,0.8808512352813977,0.8953068592057761
gu_289_chr33_2934751_2938186,33,micro_derived,False,0.49486887115165334,0.8087216720740779,0.9203539823008849
gu_290_chr33_3043133_3046621,33,micro_derived,False,0.48574686431014824,0.7823742866058281,0.918918918918919
gu_291_chr33_3056198_3063744,33,micro_derived,False,0.26633986928104575,0.32901806680236356,0.8111111111111111
gu_292_chr33_3070974_3074297,33,micro_derived,False,0.23952095808383234,0.288542717851011,0.8543046357615894
gu_293_chr33_3081041_3084364,33,micro_derived,False,0.23756432246998285,0.2856735079897432,0.7987012987012987
gu_294_chr33_3090071_3093247,33,micro_derived,False,0.2469982847341338,0.29960971977384493,0.8
gu_295_chr33_3098926_3102246,33,micro_derived,False,0.2427093132643462,0.2932417654656758,0.8561151079136691
gu_296_chr33_3284176_3287962,33,micro_derived,False,0.4863013698630137,0.7839497309721126,0.9086021505376344
gu_297_chr33_3429604_3433059,33,micro_derived,False,0.4903078677309008,0.7954322878352507,0.9111111111111111
gu_298_chr33_3443178_3446601,33,micro_derived,False,0.27049180327868855,0.33548416353274857,0.7837837837837838
gu_299_chr33_3480813_3484133,33,micro_derived,False,0.24356775300171526,0.2945119941159298,0.8441558441558441
gu_300_chr33_3537956_3541463,33,micro_derived,False,0.26975476839237056,0.33433225043280845,0.879746835443038
gu_301_chr33_3615554_3618992,33,micro_derived,False,0.26747967479674795,0.33078762139871953,0.8176795580110497
gu_302_chr33_3656216_3659511,33,micro_derived,False,0.2534843205574913,0.3093436076993512,0.7962962962962963
gu_303_chr34_386128_389425,34,micro_derived,False,0.5103896103896104,0.855794234186525,0.8027522935779816
gu_304_chr34_454434_457898,34,micro_derived,False,0.26422764227642276,0.32574981908176226,0.8361581920903954
gu_305_chr34_647193_650608,34,micro_derived,False,0.4903078677309008,0.7954322878352507,0.9196428571428571
gu_306_chr34_657353_660790,34,micro_derived,False,0.2658536585365854,0.3282644903394956,0.7771739130434783
gu_307_chr34_779685_796487,34,micro_derived,False,0.5182403433476395,0.8807792509122339,0.9958677685950413
gu_308_chr34_977120_980438,34,micro_derived,False,0.565,1.049788036089023,0.842391304347826
gu_309_chr34_1017631_1021062,34,micro_derived,False,0.4793926247288503,0.7645531769349295,0.990990990990991
gu_310_chr34_1046828_1050315,34,micro_derived,False,0.49257142857142855,0.8019981880630395,0.9414414414414415
gu_311_chr34_1060833_1064287,34,micro_derived,False,0.5080906148867314,0.8486324941313763,0.9543568464730291
gu_312_chr34_1166822_1170308,34,micro_derived,False,0.4936416184971098,0.8051226099678069,0.9147982062780269
gu_313_chr34_1200118_1203571,34,micro_derived,False,0.5017341040462427,0.8291796552118001,0.9203539823008849
gu_314_chr34_1330178_1333663,34,micro_derived,False,0.49942987457240595,0.8222507875163368,0.972972972972973
gu_315_chr34_1417900_1421051,34,micro_derived,False,0.5077922077922078,0.8477079024840587,0.7935779816513762
gu_316_chr34_1496505_1508104,34,micro_derived,False,0.29260182876142976,0.3708891923372451,0.8429319371727748
gu_317_chr34_1534956_1538460,34,micro_derived,False,0.4925883694412771,0.8020475457174805,0.911504424778761
gu_318_chr34_1619802_1623535,34,micro_derived,False,0.2620545073375262,0.32240212670953783,0.8248175182481752
gu_319_chr34_1676441_1680085,34,micro_derived,False,0.49889135254988914,0.8206406270158154,0.9067796610169492
gu_320_chr34_1729344_1732591,34,micro_derived,False,0.5094117647058823,0.8527397261622935,0.8347457627118644
gu_321_chr34_1826561_1830049,34,micro_derived,False,0.4949944382647386,0.8090908881624488,0.9264069264069265
gu_322_chr34_1843517_1847162,34,micro_derived,False,0.24624889673433362,0.29849317737474035,1.0666666666666667
gu_323_chr34_1875128_1878523,34,micro_derived,False,0.5105067985166872,0.8561611322799405,0.8355555555555556
gu_324_chr34_1940524_1944046,34,micro_derived,False,0.2424511545293073,0.29286018975974204,1.0073529411764706
gu_325_chr34_2223309_2226796,34,micro_derived,False,0.5059847660500544,0.8421319117237503,0.9294605809128631
gu_326_chr34_2237326_2240814,34,micro_derived,False,0.26715686274509803,0.33028602991079414,0.8268156424581006
gu_327_chr35_2231709_2235102,35,micro_derived,False,0.27256317689530685,0.3387310222478616,0.8303030303030303
gu_328_chr35_2258214_2261608,35,micro_derived,False,0.2926208651399491,0.37092040711224306,0.8548387096774194
gu_329_chr35_2270102_2273496,35,micro_derived,False,0.504739336492891,0.8383137216591056,0.918918918918919
gu_330_chr35_2293713_2297107,35,micro_derived,False,0.2897822445561139,0.3662800857428178,0.8702702702702703
gu_331_chr35_2323237_2326715,35,micro_derived,False,0.29229480737018426,0.37038593541312986,0.8563829787234043
gu_332_chr35_2354715_2358098,35,micro_derived,False,0.5202702702702703,0.8873772575221296,0.9330543933054394
gu_333_chr35_2388522_2391914,35,micro_derived,False,0.2931323283082077,0.3717595621707306,0.8421052631578947
gu_334_chr35_2416361_2419838,35,micro_derived,False,0.2904040404040404,0.36729408879442804,0.875
gu_335_chr35_2445772_2449165,35,micro_derived,False,0.5183946488294314,0.8812787669035929,0.9456066945606695
gu_336_chr35_2470710_2474098,35,micro_derived,False,0.2948609941027801,0.3746027450781687,0.8817204301075269
gu_337_chr35_2484076_2487552,35,micro_derived,False,0.2765567765567766,0.34503090700848027,0.89937106918239
gu_338_chr35_2509685_2513079,35,micro_derived,False,0.29229480737018426,0.37038593541312986,0.8465608465608465
gu_339_chr35_2554992_2580750,35,micro_derived,False,0.2889447236180904,0.3649164490035238,0.8648648648648649
gu_340_chr35_2616331_2619724,35,micro_derived,False,0.29219143576826195,0.37021656886633547,0.8810810810810811
gu_341_chr35_2644722_2648116,35,micro_derived,False,0.5210176991150443,0.8898213710062697,0.930327868852459
gu_342_chr35_2667738_2671129,35,micro_derived,False,0.26871055004508565,0.3327032627668137,0.8282208588957055
gu_343_chr35_2701691_2705011,35,micro_derived,False,0.29292929292929293,0.3714263306526554,0.8609625668449198
gu_344_chr35_2727800_2731265,35,micro_derived,False,0.5005793742757821,0.825699356492855,0.9285714285714286
gu_345_chr35_2799929_2803330,35,micro_derived,False,0.5106132075471698,0.8564944382237509,0.9244444444444444
gu_346_chr35_2838781_2842181,35,micro_derived,False,0.29061976549413737,0.36764620633911116,0.8556149732620321
gu_347_chr35_2865367_2868760,35,micro_derived,False,0.2937710437710438,0.3728088195233723,0.8563829787234043
gu_348_chr35_2887071_2890464,35,micro_derived,False,0.288107202680067,0.3635552871054069,0.839572192513369
gu_349_chr35_2918096_2921496,35,micro_derived,False,0.5226519337016574,0.8951932737682241,0.9626556016597511
gu_350_chr35_2947301_2950695,35,micro_derived,False,0.5199115044247787,0.8862069061793079,0.9421487603305785
gu_351_chr35_2984537_2988009,35,micro_derived,False,0.5005834305717619,0.8257115537468466,0.95
gu_352_chr35_3066534_3069931,35,micro_derived,False,0.288107202680067,0.3635552871054069,0.8494623655913979
gu_353_chr35_3098000_3101399,35,micro_derived,False,0.5197802197802198,0.8857790907726918,0.9465020576131687
gu_354_chr35_3126591_3129985,35,micro_derived,False,0.29229480737018426,0.37038593541312986,0.8368421052631579
gu_355_chr35_3154436_3157830,35,micro_derived,False,0.5188053097345132,0.8826097769816883,0.9541666666666667
gu_356_chr35_3181744_3185138,35,micro_derived,False,0.505868544600939,0.8417747810071625,0.9155555555555556
gu_357_chr35_3242323_3245713,35,micro_derived,False,0.5082547169811321,0.8491414381512856,0.9327354260089686
gu_358_chr35_3270068_3273460,35,micro_derived,False,0.4876681614349776,0.7878472085778951,0.9954128440366973
gu_359_chr35_3290846_3294232,35,micro_derived,False,0.2958927074601844,0.37630478192225003,0.8978494623655914
gu_360_chr35_3310876_3314269,35,micro_derived,False,0.5035211267605634,0.8345976927450494,0.9324324324324325
gu_361_chr35_3331866_3335259,35,micro_derived,False,0.2937710437710438,0.3728088195233723,0.8465608465608465
gu_362_chr35_3358987_3362465,35,micro_derived,False,0.4919653893695921,0.8002346106568095,0.9414634146341463
gu_363_chr35_3380816_3384201,35,micro_derived,False,0.5166475315729047,0.8756423669796012,0.9313304721030042
gu_364_chr35_3425950_3429271,35,micro_derived,False,0.29357021996615906,0.37247875561205496,0.8655913978494624
gu_365_chr35_3453342_3456735,35,micro_derived,False,0.2948073701842546,0.37451438620462674,0.9027027027027027
gu_366_chr35_3473840_3477233,35,micro_derived,False,0.5199556541019955,0.886350830955067,0.9705882352941176
gu_367_chr35_3522849_3526187,35,micro_derived,False,0.28945147679324895,0.365741239265548,0.8342245989304813
gu_368_chr35_3560995_3564388,35,micro_derived,False,0.2864321608040201,0.3608403520140562,0.8288770053475936
gu_369_chr35_3587142_3590536,35,micro_derived,False,0.29396984924623115,0.3731357093458134,0.8571428571428571
gu_370_chr35_3618945_3622332,35,micro_derived,False,0.5070921985815603,0.8455434399136147,0.9237668161434978
gu_371_chr35_3645158_3648697,35,micro_derived,False,0.5104281009879253,0.8559147225663494,0.9787234042553191
gu_372_chr35_3676694_3680014,35,micro_derived,False,0.29282700421940927,0.3712585055257366,0.8457446808510638
gu_373_chr35_3707656_3711036,35,micro_derived,False,0.5194123819517313,0.8845817209778509,0.9186046511627907
gu_374_chr35_3740785_3744179,35,micro_derived,False,0.27197802197802196,0.33781237197782293,0.879746835443038
gu_375_chr36_1716181_1719660,36,micro_derived,False,0.4942396313364055,0.8068741952522172,0.9066666666666666
gu_376_chr36_2336066_2339531,36,micro_derived,False,0.45871559633027525,0.7093298133289965,0.9512195121951219
gu_377_chr36_2439849_2443322,36,micro_derived,False,0.5017301038062284,0.8291675707656905,0.9078947368421053
gu_378_chr36_2595912_2599335,36,micro_derived,False,0.2755775577557756,0.34348129003509625,0.9195402298850575
gu_379_chr36_2706631_2709913,36,micro_derived,False,0.2743801652892562,0.3415907534828013,0.8444444444444444
gu_380_chr36_2791567_2793848,36,micro_derived,False,0.23903177004538578,0.28782434291969783,0.926829268292683
gu_381_chr36_3234909_3238995,36,micro_derived,False,0.2737015663643858,0.34052144050333427,0.8651685393258427
gu_382_chr36_3267027_3270717,36,micro_derived,False,0.24174917491749176,0.29182359798296925,0.808641975308642
gu_383_chr36_3277103_3280404,36,micro_derived,False,0.23833167825223436,0.2867974503721597,0.875
gu_384_chr36_3595701_3599149,36,micro_derived,False,0.27182866556836904,0.3375780735222874,0.875
gu_385_chr36_3777810_3781058,36,micro_derived,False,0.4914586070959264,0.7987630485842943,0.9278350515463918
gu_386_chr36_3828621_3832059,36,micro_derived,False,0.49714937286202965,0.815455724048035,0.9039301310043668
gu_387_chr36_3907516_3911005,36,micro_derived,False,0.2641690682036503,0.3256593900864997,0.7741935483870968
gu_388_chr37_1964424_1967937,37,micro_derived,False,0.5116883116883116,0.8598703311759923,0.8942307692307693
gu_389_chr37_2058486_2062004,37,micro_derived,False,0.5069832402234636,0.8452070964707515,0.900523560209424
gu_390_chr37_2411651_2415156,37,micro_derived,False,0.5142857142857142,0.8680895915182821,0.8857142857142857
gu_391_chr37_2496059_2499517,37,micro_derived,False,0.2726457399103139,0.3388607307516369,0.9240506329113924
gu_392_chr37_2607194_2610565,37,micro_derived,False,0.5116279069767442,0.8596802532430232,0.9576271186440678
gu_393_chr37_3082087_3085570,37,micro_derived,False,0.500578034682081,0.8256953283874209,0.9417040358744395
gu_394_chr37_3270775_3274233,37,micro_derived,False,0.2737777777777778,0.3406414558747899,0.925
gu_395_chr37_3703786_3707296,37,micro_derived,False,0.5134443021766966,0.8654171381696956,0.8738317757009346
gu_396_chr37_3822953_3826302,37,micro_derived,False,0.4987864077669903,0.8203272481442412,0.9386792452830188
gu_397_chr37_4088541_4091980,37,micro_derived,False,0.49271523178807947,0.8024172656621151,0.9787234042553191
gu_398_chr37_4126093_4129575,37,micro_derived,False,0.4906204906204906,0.7963356976027247,0.9653179190751445
gu_399_chr37_4374591_4378102,37,micro_derived,False,0.5103896103896104,0.855794234186525,0.8803827751196173
gu_400_chr37_4683342_4686689,37,micro_derived,False,0.2719928186714542,0.3378355878389011,0.9299363057324841
gu_401_chr37_4695121_4698602,37,micro_derived,False,0.494949494949495,0.8089587164710801,0.9712643678160919
gu_402_chr37_4949561_4952919,37,micro_derived,False,0.5076741440377804,0.8473424054008021,0.9545454545454546
gu_403_chr37_5839043_5856279,37,micro_derived,False,0.5103896103896104,0.855794234186525,0.8985507246376812
gu_404_chr37_6712569_6713516,37,micro_derived,False,0.2363013698630137,0.28382732679018374,0.8648648648648649
gu_405_chr37_6951802_6955125,37,micro_derived,False,0.565,1.049788036089023,0.842391304347826
gu_406_chr37_7118591_7122007,37,micro_derived,False,0.24533106960950765,0.29712793172168595,0.8176100628930818
gu_407_chr37_7176315_7179757,37,micro_derived,False,0.4925883694412771,0.8020475457174805,0.9372197309417041
gu_408_chr37_7188755_7192193,37,micro_derived,False,0.26747967479674795,0.33078762139871953,0.8176795580110497
gu_409_chr37_7229212_7232508,37,micro_derived,False,0.25065502183406113,0.3050820079752514,0.79375
gu_411_chr20_2448581_2449002,20,micro_derived,False,0.4077669902912621,0.5884360398896828,0.8260869565217391
gu_413_chrZ_22440947_22442914,Z,sex_chrom,False,0.31393775372124494,0.4067161550078431,1.017391304347826
gu_414_chrZ_22443627_22446701,Z,sex_chrom,False,0.32754342431761785,0.43048990834896006,1.112
gu_415_chrZ_22447260_22447746,Z,sex_chrom,False,0.46833013435700577,0.7345031329450351,1.0165289256198347
gu_416_chrZ_37022345_37023661,Z,sex_chrom,False,0.30921985815602837,0.39864524997725037,1.1584158415841583
gu_417_chrZ_37025025_37025496,Z,sex_chrom,False,0.40683229813664595,0.5863904641011148,1.0153846153846153
gu_418_chrZ_35233786_35233968,Z,sex_chrom,False,0.5686274509803921,1.064640006561158,1.1323529411764706
