locus_id,chrom,accession,anchor_pos,start,end,span,n_hits,total_seq_len,has_exon13,coverage_frac,chrom_class,is_ancestral
0,7,NC_080436.1,897555.0,893669,897617,3949,7,1449,True,0.7511664074650077,chr7_ancestral,False
1,7,NC_080436.1,905578.0,905517,908856,3340,9,1569,True,0.8133748055987559,chr7_ancestral,False
2,7,NC_080436.1,934598.0,931266,934660,3395,7,1116,True,0.578538102643857,chr7_ancestral,False
3,7,NC_080436.1,960137.0,949477,960199,10723,9,1665,True,0.8631415241057543,chr7_ancestral,False
4,7,NC_080436.1,970038.0,967186,970100,2915,6,1042,True,0.5401762571280456,chr7_ancestral,False
5,7,NC_080436.1,979458.0,976606,979520,2915,6,1042,True,0.5401762571280456,chr7_ancestral,False
6,7,NC_080436.1,988873.0,986021,988935,2915,6,1042,True,0.5401762571280456,chr7_ancestral,False
7,7,NC_080436.1,998278.0,995426,998340,2915,6,1042,True,0.5401762571280456,chr7_ancestral,False
8,7,NC_080436.1,1007693.0,1004841,1007755,2915,6,1039,True,0.5386210471747019,chr7_ancestral,False
9,7,NC_080436.1,1017088.0,1014236,1017150,2915,6,1039,True,0.5386210471747019,chr7_ancestral,False
11,7,NC_080436.1,1035933.0,1033081,1059142,26062,22,3794,True,1.9668221876620011,chr7_ancestral,False
12,7,NC_080436.1,1129659.0,1110110,1132512,22403,22,3976,True,2.0611715914981854,chr7_ancestral,False
13,7,NC_080436.1,1156393.0,1146186,1156455,10270,8,1263,True,0.6547433903576982,chr7_ancestral,False
14,7,NC_080436.1,1182482.0,1171344,1182544,11201,9,1701,True,0.8818040435458787,chr7_ancestral,False
15,7,NC_080436.1,1192372.0,1189520,1211974,22455,22,3967,True,2.0565059616381545,chr7_ancestral,False
16,7,NC_080436.1,1239432.0,1229428,1239494,10067,10,1614,True,0.8367029548989113,chr7_ancestral,False
17,7,NC_080436.1,1248807.0,1247334,1271713,24380,18,3099,True,1.6065318818040435,chr7_ancestral,False
18,7,NC_080436.1,1401010.0,1376229,1417989,41761,24,4314,True,2.2363919129082426,chr7_ancestral,True
19,7,NC_080436.1,1467044.0,1442340,1467106,24767,11,1858,True,0.9631933644375325,chr7_ancestral,False
20,7,NC_080436.1,1475327.0,1475083,1478569,3487,8,1683,True,0.8724727838258165,chr7_ancestral,False
21,7,NC_080436.1,1485016.0,1484955,1488227,3273,8,1536,True,0.7962674961119751,chr7_ancestral,False
22,7,NC_080436.1,1493380.0,1493319,1518287,24969,9,1569,True,0.8133748055987559,chr7_ancestral,False
23,7,NC_080436.1,1594125.0,1569246,1610616,41371,23,4227,True,2.191290824261275,chr7_ancestral,False
24,7,NC_080436.1,1629722.0,1618645,1629784,11140,9,1668,True,0.864696734059098,chr7_ancestral,False
25,7,NC_080436.1,1639602.0,1636750,1639664,2915,6,1042,True,0.5401762571280456,chr7_ancestral,False
26,7,NC_080436.1,1649005.0,1646154,1649067,2914,6,1042,True,0.5401762571280456,chr7_ancestral,False
27,7,NC_080436.1,1658408.0,1655557,1658470,2914,6,1042,True,0.5401762571280456,chr7_ancestral,False
28,7,NC_080436.1,1667823.0,1664971,1667885,2915,6,1042,True,0.5401762571280456,chr7_ancestral,False
29,7,NC_080436.1,1677228.0,1674376,1677290,2915,6,1042,True,0.5401762571280456,chr7_ancestral,False
30,7,NC_080436.1,1686631.0,1683780,1686693,2914,6,1042,True,0.5401762571280456,chr7_ancestral,False
31,7,NC_080436.1,1696041.0,1693189,1696103,2915,6,1042,True,0.5401762571280456,chr7_ancestral,False
32,7,NC_080436.1,1705441.0,1702589,1705503,2915,6,1042,True,0.5401762571280456,chr7_ancestral,False
33,7,NC_080436.1,1714851.0,1711999,1714913,2915,6,1042,True,0.5401762571280456,chr7_ancestral,False
34,7,NC_080436.1,1724251.0,1721399,1724313,2915,6,1042,True,0.5401762571280456,chr7_ancestral,False
35,7,NC_080436.1,1733656.0,1730804,1733718,2915,6,1042,True,0.5401762571280456,chr7_ancestral,False
36,7,NC_080436.1,1743066.0,1740214,1743128,2915,6,1042,True,0.5401762571280456,chr7_ancestral,False
37,7,NC_080436.1,1752471.0,1749619,1752533,2915,6,1042,True,0.5401762571280456,chr7_ancestral,False
38,7,NC_080436.1,1761876.0,1759024,1761938,2915,6,1042,True,0.5401762571280456,chr7_ancestral,False
39,7,NC_080436.1,1771276.0,1768424,1771338,2915,6,1042,True,0.5401762571280456,chr7_ancestral,False
40,7,NC_080436.1,1780681.0,1777829,1780743,2915,6,1042,True,0.5401762571280456,chr7_ancestral,False
41,7,NC_080436.1,1790086.0,1787234,1802489,15256,12,2182,True,1.1311560393986522,chr7_ancestral,False
81,7,NC_080436.1,2892727.0,2885144,2903257,18114,15,3066,True,1.5894245723172629,chr7_ancestral,False
85,7,NC_080436.1,2948233.0,2943128,2949731,6604,5,1383,True,0.7169517884914464,chr7_ancestral,False
95,7,NC_080436.1,3006290.0,3006229,3016962,10734,12,2304,True,1.1944012441679628,chr7_ancestral,False
98,7,NC_080436.1,3066927.0,3059920,3069755,9836,8,1746,True,0.9051321928460342,chr7_ancestral,False
107,7,NC_080436.1,3144179.0,3138319,3145677,7359,6,1758,True,0.911353032659409,chr7_ancestral,False
114,7,NC_080436.1,3203473.0,3200250,3203535,3286,9,1425,True,0.7387247278382582,chr7_ancestral,False
120,7,NC_080436.1,3257480.0,3251625,3259178,7554,6,1761,True,0.9129082426127527,chr7_ancestral,False
188,7,NC_080436.1,3680828.0,3680767,3686670,5904,4,984,True,0.5101088646967341,chr7_ancestral,False
189,7,NC_080436.1,3692451.0,3687291,3693949,6659,5,1653,True,0.8569206842923794,chr7_ancestral,False
195,7,NC_080436.1,3744215.0,3744154,3754746,10593,12,2322,True,1.2037325038880249,chr7_ancestral,False
211,7,NC_080436.1,3883373.0,3880117,3883435,3319,8,1329,True,0.6889580093312597,chr7_ancestral,False
212,7,NC_080436.1,3892470.0,3889651,3892532,2882,6,1416,True,0.7340590979782271,chr7_ancestral,False
213,7,NC_080436.1,4893616.0,4884270,4893678,9409,10,1668,True,0.864696734059098,chr7_ancestral,False
214,7,NC_080436.1,4904181.0,4900937,4904243,3307,7,1161,True,0.6018662519440124,chr7_ancestral,False
215,7,NC_080436.1,4928529.0,4917007,4931788,14782,14,2670,True,1.3841368584758942,chr7_ancestral,False
216,7,NC_080436.1,4948374.0,4948313,4951611,3299,8,1587,True,0.8227060653188181,chr7_ancestral,False
217,7,NC_080436.1,4967124.0,4967063,4970361,3299,7,1323,True,0.6858475894245724,chr7_ancestral,False
218,7,NC_080436.1,4978354.0,4978293,4981588,3296,7,1257,True,0.6516329704510109,chr7_ancestral,False
219,7,NC_080436.1,4995653.0,4995592,4998864,3273,7,1611,True,0.8351477449455676,chr7_ancestral,False
221,7,NC_080436.1,5027878.0,5024636,5027940,3305,7,1449,True,0.7511664074650077,chr7_ancestral,False
222,7,NC_080436.1,5036531.0,5033304,5036593,3290,7,1195,True,0.6194919647485744,chr7_ancestral,False
224,7,NC_080436.1,5079499.0,5076258,5079744,3487,9,1698,True,0.880248833592535,chr7_ancestral,False
225,7,NC_080436.1,5093209.0,5089980,5112900,22921,10,1678,True,0.8698807672369103,chr7_ancestral,False
226,7,NC_080436.1,5146554.0,5128202,5146616,18415,16,2604,True,1.349922239502333,chr7_ancestral,False
227,7,NC_080436.1,8196249.0,8195057,8200494,5438,14,2454,True,1.2721617418351479,chr7_ancestral,False
228,7,NC_080436.1,8580086.0,8575768,8581345,5578,13,2511,True,1.3017107309486782,chr7_ancestral,False
229,10,NC_080439.1,25840356.0,25837033,25840418,3386,7,1185,True,0.614307931570762,micro_derived,False
230,12,NC_080441.1,19935150.0,19931840,19935212,3373,8,1248,True,0.6469673405909798,micro_derived,False
231,12,NC_080441.1,19946539.0,19943229,19946601,3373,8,1248,True,0.6469673405909798,micro_derived,False
232,12,NC_080441.1,20029421.0,20026110,20029483,3374,8,1215,True,0.6298600311041991,micro_derived,False
233,15,NC_080444.1,17964363.0,17961511,17964424,2914,6,1605,True,0.8320373250388803,micro_derived,False
235,19,NC_080448.1,1713483.0,1689841,1713533,23693,8,1452,True,0.7527216174183515,micro_derived,False
236,20,NC_080449.1,1348125.0,1344837,1348187,3351,7,1287,True,0.6671850699844479,micro_derived,False
237,23,NC_080452.1,2528223.0,2525138,2528285,3148,6,1065,True,0.552099533437014,micro_derived,False
246,23,NC_080452.1,2743917.0,2743856,2752902,9047,8,1191,True,0.6174183514774495,micro_derived,False
251,25,NC_080454.1,3391581.0,3391520,3394878,3359,7,1314,True,0.6811819595645412,micro_derived,False
252,25,NC_080454.1,5358470.0,5355115,5358533,3419,7,1113,True,0.5769828926905132,micro_derived,False
255,25,NC_080454.1,6281648.0,6278289,6281711,3423,7,1110,True,0.5754276827371695,micro_derived,False
256,25,NC_080454.1,6486393.0,6483020,6486456,3437,7,1110,True,0.5754276827371695,micro_derived,False
257,25,NC_080454.1,6573975.0,6573913,6577487,3575,7,1269,True,0.6578538102643857,micro_derived,False
258,25,NC_080454.1,7052615.0,7052553,7055936,3384,7,1080,True,0.5598755832037325,micro_derived,False
259,25,NC_080454.1,7442497.0,7442435,7445845,3411,7,1092,True,0.5660964230171073,micro_derived,False
260,25,NC_080454.1,7516819.0,7516757,7520332,3576,7,1224,True,0.6345256609642301,micro_derived,False
261,26,NC_080455.1,1328149.0,1319147,1330993,11847,12,2010,True,1.04199066874028,micro_derived,False
262,26,NC_080455.1,1338461.0,1338400,1341305,2906,7,1143,True,0.5925349922239502,micro_derived,False
263,26,NC_080455.1,1348778.0,1348717,1351622,2906,7,1143,True,0.5925349922239502,micro_derived,False
264,26,NC_080455.1,1359094.0,1359033,1361938,2906,7,1143,True,0.5925349922239502,micro_derived,False
265,26,NC_080455.1,1369406.0,1369345,1372250,2906,7,1143,True,0.5925349922239502,micro_derived,False
266,26,NC_080455.1,1379718.0,1379657,1382562,2906,7,1143,True,0.5925349922239502,micro_derived,False
267,26,NC_080455.1,1390034.0,1389973,1392878,2906,7,1143,True,0.5925349922239502,micro_derived,False
268,26,NC_080455.1,1400353.0,1400292,1403198,2907,7,1143,True,0.5925349922239502,micro_derived,False
269,26,NC_080455.1,1410666.0,1410605,1413527,2923,7,1143,True,0.5925349922239502,micro_derived,False
270,26,NC_080455.1,1420996.0,1420935,1423857,2923,7,1143,True,0.5925349922239502,micro_derived,False
271,26,NC_080455.1,1431326.0,1431265,1434170,2906,7,1143,True,0.5925349922239502,micro_derived,False
272,26,NC_080455.1,1441638.0,1441577,1444482,2906,7,1143,True,0.5925349922239502,micro_derived,False
273,26,NC_080455.1,1451949.0,1451888,1454793,2906,7,1143,True,0.5925349922239502,micro_derived,False
274,26,NC_080455.1,1462261.0,1462200,1465100,2901,7,1143,True,0.5925349922239502,micro_derived,False
275,26,NC_080455.1,1472568.0,1472507,1475429,2923,7,1143,True,0.5925349922239502,micro_derived,False
276,26,NC_080455.1,1482898.0,1482837,1485759,2923,7,1143,True,0.5925349922239502,micro_derived,False
277,26,NC_080455.1,1493229.0,1493168,1496091,2924,7,1143,True,0.5925349922239502,micro_derived,False
278,26,NC_080455.1,1503580.0,1503519,1506425,2907,7,1143,True,0.5925349922239502,micro_derived,False
279,26,NC_080455.1,1513912.0,1513851,1516757,2907,7,1143,True,0.5925349922239502,micro_derived,False
281,28,NC_080457.1,6689401.0,6677993,6689463,11471,7,1341,True,0.6951788491446346,micro_derived,False
282,29,NC_080458.1,420580.0,416928,420642,3715,5,1125,True,0.583203732503888,micro_derived,False
285,29,NC_080458.1,734275.0,731075,734337,3263,7,1443,True,0.7480559875583204,micro_derived,False
286,29,NC_080458.1,1350927.0,1347325,1350989,3665,6,1083,True,0.5614307931570762,micro_derived,False
287,29,NC_080458.1,1594043.0,1590391,1594105,3715,5,1125,True,0.583203732503888,micro_derived,False
289,29,NC_080458.1,1832248.0,1832187,1835558,3372,7,1428,True,0.7402799377916018,micro_derived,False
290,29,NC_080458.1,1842587.0,1842526,1845893,3368,7,1428,True,0.7402799377916018,micro_derived,False
291,29,NC_080458.1,1852901.0,1852840,1856211,3372,7,1428,True,0.7402799377916018,micro_derived,False
292,29,NC_080458.1,1863240.0,1863179,1866550,3372,7,1428,True,0.7402799377916018,micro_derived,False
293,29,NC_080458.1,1873579.0,1873518,1876889,3372,7,1428,True,0.7402799377916018,micro_derived,False
294,29,NC_080458.1,1883918.0,1883857,1887228,3372,7,1428,True,0.7402799377916018,micro_derived,False
295,29,NC_080458.1,1894257.0,1894196,1897559,3364,7,1428,True,0.7402799377916018,micro_derived,False
296,29,NC_080458.1,1904588.0,1904527,1915731,11205,9,1704,True,0.8833592534992224,micro_derived,False
297,29,NC_080458.1,1990557.0,1987366,1990619,3254,7,1443,True,0.7480559875583204,micro_derived,False
299,29,NC_080458.1,4318891.0,4315560,4318952,3393,7,1449,True,0.7511664074650077,micro_derived,False
300,29,NC_080458.1,4329218.0,4325921,4329279,3359,8,1281,True,0.6640746500777605,micro_derived,False
301,29,NC_080458.1,4339545.0,4336248,4339606,3359,8,1281,True,0.6640746500777605,micro_derived,False
302,29,NC_080458.1,4349874.0,4346575,4349935,3361,7,1155,True,0.5987558320373251,micro_derived,False
303,29,NC_080458.1,4360214.0,4356904,4360275,3372,7,1428,True,0.7402799377916018,micro_derived,False
304,29,NC_080458.1,4370554.0,4367244,4370615,3372,7,1428,True,0.7402799377916018,micro_derived,False
305,29,NC_080458.1,4380891.0,4377581,4380952,3372,7,1428,True,0.7402799377916018,micro_derived,False
306,29,NC_080458.1,4391232.0,4387922,4391293,3372,7,1428,True,0.7402799377916018,micro_derived,False
307,29,NC_080458.1,4401573.0,4398263,4401634,3372,7,1428,True,0.7402799377916018,micro_derived,False
308,29,NC_080458.1,4411914.0,4408604,4411975,3372,7,1428,True,0.7402799377916018,micro_derived,False
309,29,NC_080458.1,4422252.0,4418941,4422313,3373,7,1428,True,0.7402799377916018,micro_derived,False
310,29,NC_080458.1,4432585.0,4429275,4432646,3372,7,1440,True,0.7465007776049767,micro_derived,False
311,29,NC_080458.1,4442925.0,4439615,4453327,13713,14,2856,True,1.4805598755832037,micro_derived,False
312,30,NC_080459.1,1070075.0,1070015,1072946,2932,7,1350,True,0.6998444790046656,micro_derived,False
313,30,NC_080459.1,1089044.0,1086174,1089105,2932,7,1350,True,0.6998444790046656,micro_derived,False
315,30,NC_080459.1,1490515.0,1490454,1493382,2929,6,1047,True,0.5427682737169518,micro_derived,False
316,30,NC_080459.1,1509512.0,1506647,1509580,2934,6,1053,True,0.5458786936236392,micro_derived,False
317,30,NC_080459.1,1557548.0,1557487,1560426,2940,6,1377,True,0.713841368584759,micro_derived,False
319,30,NC_080459.1,2214419.0,2211113,2214481,3369,8,1281,True,0.6640746500777605,micro_derived,False
320,30,NC_080459.1,2225735.0,2222429,2225797,3369,8,1239,True,0.6423017107309487,micro_derived,False
321,30,NC_080459.1,2237047.0,2233741,2237109,3369,8,1239,True,0.6423017107309487,micro_derived,False
322,30,NC_080459.1,2248359.0,2245053,2248421,3369,8,1221,True,0.6329704510108864,micro_derived,False
323,30,NC_080459.1,2259668.0,2256362,2259730,3369,8,1254,True,0.6500777604976672,micro_derived,False
324,30,NC_080459.1,2271037.0,2267730,2271099,3370,8,1257,True,0.6516329704510109,micro_derived,False
325,30,NC_080459.1,2286114.0,2282821,2286176,3356,8,1224,True,0.6345256609642301,micro_derived,False
326,30,NC_080459.1,2297469.0,2294163,2297531,3369,8,1236,True,0.640746500777605,micro_derived,False
327,30,NC_080459.1,2308819.0,2305513,2308881,3369,8,1236,True,0.640746500777605,micro_derived,False
328,30,NC_080459.1,2320173.0,2316867,2320235,3369,8,1236,True,0.640746500777605,micro_derived,False
329,30,NC_080459.1,2331507.0,2328201,2331569,3369,8,1230,True,0.6376360808709176,micro_derived,False
330,30,NC_080459.1,2342875.0,2339569,2342937,3369,8,1230,True,0.6376360808709176,micro_derived,False
331,30,NC_080459.1,2354228.0,2350922,2354290,3369,8,1299,True,0.6734059097978227,micro_derived,False
332,30,NC_080459.1,2365560.0,2362271,2365622,3352,8,1281,True,0.6640746500777605,micro_derived,False
333,30,NC_080459.1,2387784.0,2384478,2387846,3369,8,1212,True,0.6283048211508554,micro_derived,False
335,30,NC_080459.1,5409050.0,5405947,5409112,3166,5,1020,True,0.5287713841368584,micro_derived,False
336,30,NC_080459.1,5506902.0,5503798,5506964,3167,5,1014,True,0.5256609642301711,micro_derived,False
337,30,NC_080459.1,5819564.0,5816253,5819626,3374,8,1266,True,0.656298600311042,micro_derived,False
340,32,NC_080461.1,942544.0,939691,942606,2916,6,1278,True,0.6625194401244168,micro_derived,False
341,32,NC_080461.1,950684.0,947355,950746,3392,7,1473,True,0.7636080870917574,micro_derived,False
342,32,NC_080461.1,958760.0,955425,958822,3398,7,1440,True,0.7465007776049767,micro_derived,False
343,32,NC_080461.1,966855.0,963520,966917,3398,7,1440,True,0.7465007776049767,micro_derived,False
344,32,NC_080461.1,974959.0,971624,975021,3398,7,1440,True,0.7465007776049767,micro_derived,False
345,32,NC_080461.1,983044.0,979709,983106,3398,7,1440,True,0.7465007776049767,micro_derived,False
346,32,NC_080461.1,991163.0,987828,991225,3398,7,1440,True,0.7465007776049767,micro_derived,False
347,32,NC_080461.1,999240.0,995905,999302,3398,7,1440,True,0.7465007776049767,micro_derived,False
348,32,NC_080461.1,1007340.0,1004005,1007402,3398,7,1440,True,0.7465007776049767,micro_derived,False
349,32,NC_080461.1,1015466.0,1012131,1015528,3398,7,1440,True,0.7465007776049767,micro_derived,False
350,32,NC_080461.1,1023573.0,1020238,1023635,3398,7,1440,True,0.7465007776049767,micro_derived,False
351,32,NC_080461.1,1031689.0,1028354,1031751,3398,7,1440,True,0.7465007776049767,micro_derived,False
352,32,NC_080461.1,1039795.0,1036460,1039857,3398,7,1440,True,0.7465007776049767,micro_derived,False
353,32,NC_080461.1,1047905.0,1044570,1047967,3398,7,1440,True,0.7465007776049767,micro_derived,False
354,32,NC_080461.1,1056021.0,1052686,1056083,3398,7,1440,True,0.7465007776049767,micro_derived,False
355,32,NC_080461.1,1064127.0,1060792,1064189,3398,7,1440,True,0.7465007776049767,micro_derived,False
356,32,NC_080461.1,1072228.0,1068893,1072290,3398,7,1440,True,0.7465007776049767,micro_derived,False
357,32,NC_080461.1,1080334.0,1076999,1080396,3398,7,1440,True,0.7465007776049767,micro_derived,False
358,32,NC_080461.1,1088460.0,1084993,1088522,3530,7,1572,True,0.8149300155520995,micro_derived,False
359,32,NC_080461.1,1096581.0,1093246,1096643,3398,7,1440,True,0.7465007776049767,micro_derived,False
360,32,NC_080461.1,1104717.0,1101382,1104779,3398,7,1440,True,0.7465007776049767,micro_derived,False
361,32,NC_080461.1,1112803.0,1109468,1112865,3398,7,1440,True,0.7465007776049767,micro_derived,False
362,32,NC_080461.1,1120909.0,1117574,1120971,3398,7,1440,True,0.7465007776049767,micro_derived,False
363,32,NC_080461.1,1128991.0,1125656,1129053,3398,7,1440,True,0.7465007776049767,micro_derived,False
364,32,NC_080461.1,1137092.0,1133757,1137154,3398,7,1440,True,0.7465007776049767,micro_derived,False
365,32,NC_080461.1,1145183.0,1141848,1145245,3398,7,1440,True,0.7465007776049767,micro_derived,False
366,32,NC_080461.1,1153274.0,1149939,1153336,3398,7,1440,True,0.7465007776049767,micro_derived,False
367,32,NC_080461.1,1161390.0,1158055,1161452,3398,7,1440,True,0.7465007776049767,micro_derived,False
368,32,NC_080461.1,1169491.0,1166156,1169553,3398,7,1440,True,0.7465007776049767,micro_derived,False
369,32,NC_080461.1,1177572.0,1174237,1177625,3389,7,1431,True,0.7418351477449455,micro_derived,False
370,32,NC_080461.1,1185652.0,1182317,1185705,3389,7,1431,True,0.7418351477449455,micro_derived,False
371,32,NC_080461.1,1193728.0,1190393,1193781,3389,7,1431,True,0.7418351477449455,micro_derived,False
372,32,NC_080461.1,1201804.0,1198469,1201866,3398,7,1440,True,0.7465007776049767,micro_derived,False
373,32,NC_080461.1,1209876.0,1206550,1209938,3389,7,1440,True,0.7465007776049767,micro_derived,False
374,32,NC_080461.1,1217976.0,1214641,1218038,3398,7,1440,True,0.7465007776049767,micro_derived,False
375,32,NC_080461.1,1226076.0,1222742,1226138,3397,7,1395,True,0.7231726283048211,micro_derived,False
376,32,NC_080461.1,1234186.0,1230852,1234248,3397,7,1395,True,0.7231726283048211,micro_derived,False
377,32,NC_080461.1,1242282.0,1238947,1242344,3398,7,1440,True,0.7465007776049767,micro_derived,False
378,32,NC_080461.1,1250394.0,1247059,1250456,3398,7,1440,True,0.7465007776049767,micro_derived,False
379,32,NC_080461.1,1258504.0,1255169,1258566,3398,7,1440,True,0.7465007776049767,micro_derived,False
380,32,NC_080461.1,1266595.0,1263260,1266657,3398,7,1440,True,0.7465007776049767,micro_derived,False
381,32,NC_080461.1,1274672.0,1271337,1274734,3398,7,1440,True,0.7465007776049767,micro_derived,False
382,32,NC_080461.1,1282784.0,1279454,1282846,3393,7,1440,True,0.7465007776049767,micro_derived,False
383,32,NC_080461.1,1290833.0,1287500,1290895,3396,7,1371,True,0.7107309486780715,micro_derived,False
384,32,NC_080461.1,1298861.0,1295556,1298923,3368,7,1422,True,0.7371695178849145,micro_derived,False
385,32,NC_080461.1,1306922.0,1303617,1306984,3368,7,1422,True,0.7371695178849145,micro_derived,False
386,32,NC_080461.1,1314948.0,1311643,1315010,3368,7,1422,True,0.7371695178849145,micro_derived,False
387,32,NC_080461.1,1323054.0,1319719,1323116,3398,7,1440,True,0.7465007776049767,micro_derived,False
388,32,NC_080461.1,1331155.0,1327820,1331217,3398,7,1440,True,0.7465007776049767,micro_derived,False
389,32,NC_080461.1,1339261.0,1335926,1339323,3398,7,1440,True,0.7465007776049767,micro_derived,False
390,32,NC_080461.1,1347342.0,1344007,1347404,3398,7,1440,True,0.7465007776049767,micro_derived,False
391,32,NC_080461.1,1355437.0,1352102,1355499,3398,7,1440,True,0.7465007776049767,micro_derived,False
392,32,NC_080461.1,1363544.0,1360209,1363606,3398,7,1440,True,0.7465007776049767,micro_derived,False
393,32,NC_080461.1,1371671.0,1368336,1371733,3398,7,1440,True,0.7465007776049767,micro_derived,False
394,32,NC_080461.1,1379771.0,1376436,1379833,3398,7,1458,True,0.7558320373250389,micro_derived,False
395,32,NC_080461.1,1387887.0,1384552,1387949,3398,7,1440,True,0.7465007776049767,micro_derived,False
396,32,NC_080461.1,1395997.0,1392662,1396059,3398,7,1440,True,0.7465007776049767,micro_derived,False
397,32,NC_080461.1,1404098.0,1400763,1404160,3398,7,1440,True,0.7465007776049767,micro_derived,False
398,32,NC_080461.1,1412194.0,1408859,1412256,3398,7,1440,True,0.7465007776049767,micro_derived,False
399,32,NC_080461.1,1420310.0,1416975,1420372,3398,7,1440,True,0.7465007776049767,micro_derived,False
400,32,NC_080461.1,1428391.0,1425056,1428453,3398,7,1440,True,0.7465007776049767,micro_derived,False
401,32,NC_080461.1,1436497.0,1433162,1436559,3398,7,1440,True,0.7465007776049767,micro_derived,False
402,32,NC_080461.1,1444608.0,1441273,1444670,3398,7,1440,True,0.7465007776049767,micro_derived,False
403,32,NC_080461.1,1452703.0,1449368,1452765,3398,7,1440,True,0.7465007776049767,micro_derived,False
404,32,NC_080461.1,1460788.0,1457453,1460850,3398,7,1440,True,0.7465007776049767,micro_derived,False
405,32,NC_080461.1,1468823.0,1465488,1468885,3398,7,1458,True,0.7558320373250389,micro_derived,False
406,32,NC_080461.1,1476923.0,1473588,1476985,3398,7,1440,True,0.7465007776049767,micro_derived,False
407,32,NC_080461.1,1485024.0,1481689,1492448,10760,13,2775,True,1.4385692068429239,micro_derived,False
408,32,NC_080461.1,1501193.0,1497858,1501255,3398,7,1440,True,0.7465007776049767,micro_derived,False
409,32,NC_080461.1,1509283.0,1505948,1509345,3398,7,1440,True,0.7465007776049767,micro_derived,False
410,32,NC_080461.1,1517362.0,1514027,1517424,3398,7,1458,True,0.7558320373250389,micro_derived,False
411,32,NC_080461.1,1525436.0,1522101,1525498,3398,7,1440,True,0.7465007776049767,micro_derived,False
412,32,NC_080461.1,1533516.0,1530181,1539907,9727,12,2283,True,1.1835147744945567,micro_derived,False
414,32,NC_080461.1,1558414.0,1555079,1558476,3398,7,1440,True,0.7465007776049767,micro_derived,False
415,32,NC_080461.1,1566465.0,1563130,1566527,3398,7,1440,True,0.7465007776049767,micro_derived,False
416,32,NC_080461.1,1574506.0,1571171,1574568,3398,7,1440,True,0.7465007776049767,micro_derived,False
417,32,NC_080461.1,1582572.0,1579237,1589010,9774,12,2283,True,1.1835147744945567,micro_derived,False
419,32,NC_080461.1,1607524.0,1604189,1607586,3398,7,1440,True,0.7465007776049767,micro_derived,False
420,32,NC_080461.1,1615609.0,1612280,1615671,3392,7,1458,True,0.7558320373250389,micro_derived,False
421,32,NC_080461.1,1623714.0,1620385,1623776,3392,7,1458,True,0.7558320373250389,micro_derived,False
422,32,NC_080461.1,1631804.0,1628475,1631866,3392,7,1458,True,0.7558320373250389,micro_derived,False
423,32,NC_080461.1,1639905.0,1636570,1646363,9794,12,2283,True,1.1835147744945567,micro_derived,False
425,32,NC_080461.1,1664926.0,1661591,1664988,3398,7,1440,True,0.7465007776049767,micro_derived,False
426,32,NC_080461.1,1673043.0,1669708,1673105,3398,7,1440,True,0.7465007776049767,micro_derived,False
427,32,NC_080461.1,1681135.0,1677800,1681197,3398,7,1440,True,0.7465007776049767,micro_derived,False
428,32,NC_080461.1,1689247.0,1685912,1689309,3398,7,1440,True,0.7465007776049767,micro_derived,False
429,32,NC_080461.1,1697364.0,1694029,1697426,3398,7,1440,True,0.7465007776049767,micro_derived,False
430,32,NC_080461.1,1705489.0,1702154,1705551,3398,7,1440,True,0.7465007776049767,micro_derived,False
431,32,NC_080461.1,1713576.0,1710241,1713638,3398,7,1440,True,0.7465007776049767,micro_derived,False
432,32,NC_080461.1,1721702.0,1718367,1721764,3398,7,1440,True,0.7465007776049767,micro_derived,False
433,32,NC_080461.1,1729803.0,1726468,1729865,3398,7,1440,True,0.7465007776049767,micro_derived,False
434,32,NC_080461.1,1737929.0,1734594,1737991,3398,7,1440,True,0.7465007776049767,micro_derived,False
435,32,NC_080461.1,1746025.0,1742690,1746087,3398,7,1440,True,0.7465007776049767,micro_derived,False
436,32,NC_080461.1,1754331.0,1750796,1754393,3598,7,1431,True,0.7418351477449455,micro_derived,False
437,32,NC_080461.1,1762426.0,1759091,1762488,3398,7,1440,True,0.7465007776049767,micro_derived,False
438,32,NC_080461.1,1770527.0,1767192,1770589,3398,7,1440,True,0.7465007776049767,micro_derived,False
439,32,NC_080461.1,1778650.0,1775318,1778712,3395,7,1440,True,0.7465007776049767,micro_derived,False
440,32,NC_080461.1,1786736.0,1783401,1786798,3398,7,1440,True,0.7465007776049767,micro_derived,False
441,32,NC_080461.1,1794841.0,1791506,1794903,3398,7,1449,True,0.7511664074650077,micro_derived,False
442,32,NC_080461.1,1802937.0,1799602,1802999,3398,7,1440,True,0.7465007776049767,micro_derived,False
443,32,NC_080461.1,1811033.0,1807698,1811095,3398,7,1440,True,0.7465007776049767,micro_derived,False
444,32,NC_080461.1,1819114.0,1815779,1819176,3398,7,1440,True,0.7465007776049767,micro_derived,False
445,32,NC_080461.1,1827235.0,1823900,1827297,3398,7,1440,True,0.7465007776049767,micro_derived,False
446,32,NC_080461.1,1835335.0,1832000,1835397,3398,7,1440,True,0.7465007776049767,micro_derived,False
447,32,NC_080461.1,1843426.0,1840091,1843488,3398,7,1440,True,0.7465007776049767,micro_derived,False
448,32,NC_080461.1,1851497.0,1848161,1851559,3399,7,1122,True,0.5816485225505443,micro_derived,False
449,32,NC_080461.1,1859593.0,1856258,1859655,3398,7,1440,True,0.7465007776049767,micro_derived,False
450,32,NC_080461.1,1867690.0,1864355,1867752,3398,7,1440,True,0.7465007776049767,micro_derived,False
451,32,NC_080461.1,1875784.0,1872449,1875846,3398,6,1320,True,0.6842923794712286,micro_derived,False
452,32,NC_080461.1,1883915.0,1880580,1883977,3398,7,1440,True,0.7465007776049767,micro_derived,False
453,32,NC_080461.1,1892022.0,1888686,1892084,3399,7,1122,True,0.5816485225505443,micro_derived,False
454,32,NC_080461.1,1900098.0,1896763,1900160,3398,7,1440,True,0.7465007776049767,micro_derived,False
455,32,NC_080461.1,1908194.0,1904859,1908256,3398,7,1440,True,0.7465007776049767,micro_derived,False
456,32,NC_080461.1,1916270.0,1912935,1916332,3398,7,1440,True,0.7465007776049767,micro_derived,False
457,32,NC_080461.1,1924366.0,1921031,1924428,3398,7,1440,True,0.7465007776049767,micro_derived,False
458,32,NC_080461.1,1932462.0,1929127,1932524,3398,7,1440,True,0.7465007776049767,micro_derived,False
459,32,NC_080461.1,1940543.0,1937208,1940605,3398,7,1440,True,0.7465007776049767,micro_derived,False
460,32,NC_080461.1,1948660.0,1945325,1948722,3398,7,1440,True,0.7465007776049767,micro_derived,False
461,32,NC_080461.1,1956784.0,1953449,1956846,3398,7,1440,True,0.7465007776049767,micro_derived,False
462,32,NC_080461.1,1964890.0,1961555,1964952,3398,7,1440,True,0.7465007776049767,micro_derived,False
463,32,NC_080461.1,1972986.0,1969651,1973048,3398,7,1440,True,0.7465007776049767,micro_derived,False
464,32,NC_080461.1,1981072.0,1977737,1981134,3398,7,1440,True,0.7465007776049767,micro_derived,False
465,32,NC_080461.1,1989148.0,1985813,1989210,3398,7,1440,True,0.7465007776049767,micro_derived,False
466,32,NC_080461.1,1997229.0,1993894,1997291,3398,7,1440,True,0.7465007776049767,micro_derived,False
467,32,NC_080461.1,2005314.0,2001979,2005376,3398,7,1440,True,0.7465007776049767,micro_derived,False
468,32,NC_080461.1,2013395.0,2010060,2013457,3398,7,1440,True,0.7465007776049767,micro_derived,False
469,32,NC_080461.1,2021476.0,2018141,2021538,3398,7,1440,True,0.7465007776049767,micro_derived,False
470,32,NC_080461.1,2029561.0,2026226,2029623,3398,7,1440,True,0.7465007776049767,micro_derived,False
471,32,NC_080461.1,2037667.0,2034332,2037729,3398,7,1440,True,0.7465007776049767,micro_derived,False
472,32,NC_080461.1,2045778.0,2042443,2045840,3398,7,1440,True,0.7465007776049767,micro_derived,False
473,32,NC_080461.1,2053899.0,2050564,2053961,3398,7,1440,True,0.7465007776049767,micro_derived,False
474,32,NC_080461.1,2061967.0,2058632,2062029,3398,7,1440,True,0.7465007776049767,micro_derived,False
475,32,NC_080461.1,2070030.0,2066695,2070092,3398,7,1440,True,0.7465007776049767,micro_derived,False
476,32,NC_080461.1,2078121.0,2074786,2078183,3398,7,1440,True,0.7465007776049767,micro_derived,False
477,32,NC_080461.1,2086237.0,2082902,2086299,3398,7,1440,True,0.7465007776049767,micro_derived,False
478,32,NC_080461.1,2094268.0,2090933,2094330,3398,7,1446,True,0.749611197511664,micro_derived,False
479,32,NC_080461.1,2102384.0,2099049,2102446,3398,7,1440,True,0.7465007776049767,micro_derived,False
480,32,NC_080461.1,2110465.0,2107130,2110527,3398,7,1440,True,0.7465007776049767,micro_derived,False
481,32,NC_080461.1,2118507.0,2115172,2118569,3398,7,1440,True,0.7465007776049767,micro_derived,False
482,32,NC_080461.1,2126603.0,2123268,2126665,3398,7,1440,True,0.7465007776049767,micro_derived,False
483,32,NC_080461.1,2134724.0,2131389,2134786,3398,7,1440,True,0.7465007776049767,micro_derived,False
484,32,NC_080461.1,2142820.0,2139485,2142882,3398,7,1440,True,0.7465007776049767,micro_derived,False
485,32,NC_080461.1,2150911.0,2147576,2150973,3398,7,1440,True,0.7465007776049767,micro_derived,False
486,32,NC_080461.1,2159008.0,2155672,2159070,3399,7,1440,True,0.7465007776049767,micro_derived,False
487,32,NC_080461.1,2167089.0,2163754,2167151,3398,7,1440,True,0.7465007776049767,micro_derived,False
488,32,NC_080461.1,2175180.0,2171845,2175242,3398,7,1440,True,0.7465007776049767,micro_derived,False
489,32,NC_080461.1,2183267.0,2179932,2183329,3398,7,1440,True,0.7465007776049767,micro_derived,False
490,32,NC_080461.1,2191374.0,2188039,2191436,3398,7,1440,True,0.7465007776049767,micro_derived,False
491,32,NC_080461.1,2199471.0,2196136,2199533,3398,7,1440,True,0.7465007776049767,micro_derived,False
492,32,NC_080461.1,2207578.0,2204243,2207640,3398,7,1440,True,0.7465007776049767,micro_derived,False
493,32,NC_080461.1,2215670.0,2212335,2215732,3398,7,1440,True,0.7465007776049767,micro_derived,False
494,32,NC_080461.1,2223773.0,2220437,2223835,3399,7,1122,True,0.5816485225505443,micro_derived,False
495,32,NC_080461.1,2231899.0,2228564,2231961,3398,7,1440,True,0.7465007776049767,micro_derived,False
496,32,NC_080461.1,2240010.0,2236675,2240072,3398,7,1440,True,0.7465007776049767,micro_derived,False
497,32,NC_080461.1,2248096.0,2244761,2248158,3398,7,1440,True,0.7465007776049767,micro_derived,False
498,32,NC_080461.1,2256187.0,2252852,2256249,3398,7,1440,True,0.7465007776049767,micro_derived,False
499,32,NC_080461.1,2264248.0,2260913,2264310,3398,7,1440,True,0.7465007776049767,micro_derived,False
500,32,NC_080461.1,2272339.0,2269004,2272401,3398,7,1440,True,0.7465007776049767,micro_derived,False
501,32,NC_080461.1,2280441.0,2277106,2280503,3398,7,1440,True,0.7465007776049767,micro_derived,False
502,32,NC_080461.1,2288538.0,2285203,2288600,3398,7,1440,True,0.7465007776049767,micro_derived,False
503,32,NC_080461.1,2296624.0,2293289,2296686,3398,7,1440,True,0.7465007776049767,micro_derived,False
504,32,NC_080461.1,2304726.0,2301391,2304788,3398,7,1440,True,0.7465007776049767,micro_derived,False
505,32,NC_080461.1,2312818.0,2309483,2312880,3398,7,1440,True,0.7465007776049767,micro_derived,False
506,32,NC_080461.1,2320919.0,2317584,2320981,3398,7,1440,True,0.7465007776049767,micro_derived,False
507,32,NC_080461.1,2329005.0,2325670,2329067,3398,7,1440,True,0.7465007776049767,micro_derived,False
508,32,NC_080461.1,2337046.0,2333711,2337108,3398,7,1440,True,0.7465007776049767,micro_derived,False
509,32,NC_080461.1,2345137.0,2341802,2345199,3398,7,1440,True,0.7465007776049767,micro_derived,False
510,32,NC_080461.1,2353237.0,2349902,2353299,3398,7,1440,True,0.7465007776049767,micro_derived,False
511,32,NC_080461.1,2361353.0,2358018,2361415,3398,7,1440,True,0.7465007776049767,micro_derived,False
512,32,NC_080461.1,2369449.0,2366114,2369502,3389,7,1431,True,0.7418351477449455,micro_derived,False
513,32,NC_080461.1,2377536.0,2374201,2377598,3398,7,1440,True,0.7465007776049767,micro_derived,False
514,32,NC_080461.1,2385638.0,2382303,2385700,3398,7,1440,True,0.7465007776049767,micro_derived,False
515,32,NC_080461.1,2393730.0,2390395,2393792,3398,7,1440,True,0.7465007776049767,micro_derived,False
516,32,NC_080461.1,2401822.0,2398487,2401884,3398,7,1440,True,0.7465007776049767,micro_derived,False
517,32,NC_080461.1,2409952.0,2406614,2410014,3401,7,1440,True,0.7465007776049767,micro_derived,False
518,32,NC_080461.1,2418024.0,2414689,2418086,3398,7,1440,True,0.7465007776049767,micro_derived,False
519,32,NC_080461.1,2426121.0,2422786,2426183,3398,7,1440,True,0.7465007776049767,micro_derived,False
520,32,NC_080461.1,2434246.0,2430908,2434308,3401,7,1440,True,0.7465007776049767,micro_derived,False
521,32,NC_080461.1,2442358.0,2439023,2442420,3398,7,1440,True,0.7465007776049767,micro_derived,False
522,32,NC_080461.1,2450448.0,2447113,2450510,3398,7,1440,True,0.7465007776049767,micro_derived,False
523,32,NC_080461.1,2458569.0,2455234,2458631,3398,7,1455,True,0.7542768273716952,micro_derived,False
524,32,NC_080461.1,2466654.0,2463319,2466716,3398,7,1440,True,0.7465007776049767,micro_derived,False
525,32,NC_080461.1,2474765.0,2471430,2474827,3398,7,1455,True,0.7542768273716952,micro_derived,False
526,32,NC_080461.1,2482862.0,2479527,2482924,3398,7,1440,True,0.7465007776049767,micro_derived,False
527,32,NC_080461.1,2490975.0,2487640,2491037,3398,7,1440,True,0.7465007776049767,micro_derived,False
528,32,NC_080461.1,2499087.0,2495752,2499149,3398,7,1440,True,0.7465007776049767,micro_derived,False
529,32,NC_080461.1,2507183.0,2503848,2507245,3398,7,1440,True,0.7465007776049767,micro_derived,False
530,32,NC_080461.1,2515264.0,2511929,2515326,3398,7,1440,True,0.7465007776049767,micro_derived,False
531,32,NC_080461.1,2523350.0,2520015,2523412,3398,7,1440,True,0.7465007776049767,micro_derived,False
532,32,NC_080461.1,2531451.0,2528116,2531513,3398,7,1440,True,0.7465007776049767,micro_derived,False
533,32,NC_080461.1,2539540.0,2536227,2539602,3376,7,1440,True,0.7465007776049767,micro_derived,False
534,32,NC_080461.1,2547576.0,2544241,2547638,3398,7,1440,True,0.7465007776049767,micro_derived,False
535,32,NC_080461.1,2555590.0,2552739,2555652,2914,6,1278,True,0.6625194401244168,micro_derived,False
536,32,NC_080461.1,2563675.0,2560341,2563737,3397,7,1440,True,0.7465007776049767,micro_derived,False
537,32,NC_080461.1,2571697.0,2568369,2579054,10686,13,2859,True,1.4821150855365475,micro_derived,False
538,32,NC_080461.1,2592470.0,2589607,2599846,10240,12,2526,True,1.3094867807153965,micro_derived,False
540,32,NC_080461.1,2978828.0,2976008,2978890,2883,5,966,True,0.5007776049766719,micro_derived,False
541,32,NC_080461.1,3309974.0,3309913,3313290,3378,7,1440,True,0.7465007776049767,micro_derived,False
542,32,NC_080461.1,3317988.0,3317927,3321324,3398,7,1458,True,0.7558320373250389,micro_derived,False
543,32,NC_080461.1,3326019.0,3325958,3329355,3398,7,1458,True,0.7558320373250389,micro_derived,False
544,32,NC_080461.1,3334050.0,3333989,3337386,3398,7,1440,True,0.7465007776049767,micro_derived,False
546,32,NC_080461.1,3469108.0,3458585,3471956,13372,10,2013,True,1.0435458786936236,micro_derived,False
547,32,NC_080461.1,3480935.0,3480874,3483785,2912,6,1590,True,0.8242612752721618,micro_derived,False
548,32,NC_080461.1,3492784.0,3492723,3495633,2911,6,1227,True,0.6360808709175739,micro_derived,False
549,32,NC_080461.1,3504630.0,3504569,3507479,2911,6,1227,True,0.6360808709175739,micro_derived,False
550,32,NC_080461.1,3516388.0,3516327,3519238,2912,6,1725,True,0.8942457231726283,micro_derived,False
551,32,NC_080461.1,3528146.0,3528085,3530996,2912,6,1725,True,0.8942457231726283,micro_derived,False
552,32,NC_080461.1,3539888.0,3539827,3542738,2912,6,1725,True,0.8942457231726283,micro_derived,False
553,32,NC_080461.1,3551647.0,3551586,3554497,2912,6,1725,True,0.8942457231726283,micro_derived,False
554,32,NC_080461.1,3563406.0,3563345,3566256,2912,6,1725,True,0.8942457231726283,micro_derived,False
555,32,NC_080461.1,3575236.0,3575175,3578085,2911,6,1227,True,0.6360808709175739,micro_derived,False
556,32,NC_080461.1,3586993.0,3586932,3589843,2912,6,1725,True,0.8942457231726283,micro_derived,False
557,32,NC_080461.1,3598754.0,3598693,3601603,2911,6,1452,True,0.7527216174183515,micro_derived,False
558,32,NC_080461.1,3610505.0,3610444,3613355,2912,6,1725,True,0.8942457231726283,micro_derived,False
559,32,NC_080461.1,4083396.0,4070334,4083439,13106,6,1002,True,0.5194401244167963,micro_derived,False
561,34,NC_080463.1,532494.0,529200,532554,3355,6,990,True,0.5132192846034215,micro_derived,False
563,Z,NC_080465.1,52709679.0,52709618,52712746,3129,6,996,True,0.5163297045101088,sex_chrom,False
564,Z,NC_080465.1,54378772.0,54378711,54381651,2941,7,1152,True,0.5972006220839814,sex_chrom,False
565,Z,NC_080465.1,54390175.0,54390114,54393056,2943,7,1152,True,0.5972006220839814,sex_chrom,False
566,Z,NC_080465.1,54401578.0,54401517,54404459,2943,7,1152,True,0.5972006220839814,sex_chrom,False
567,Z,NC_080465.1,54412981.0,54412920,54415862,2943,7,1152,True,0.5972006220839814,sex_chrom,False
568,Z,NC_080465.1,54424380.0,54424319,54427277,2959,7,1203,True,0.6236391912908242,sex_chrom,False
569,Z,NC_080465.1,54435792.0,54435731,54438689,2959,7,1203,True,0.6236391912908242,sex_chrom,False
570,Z,NC_080465.1,54447204.0,54447143,54450101,2959,7,1203,True,0.6236391912908242,sex_chrom,False
571,Z,NC_080465.1,54458613.0,54458552,54461510,2959,7,1203,True,0.6236391912908242,sex_chrom,False
572,Z,NC_080465.1,54470024.0,54469963,54472921,2959,7,1221,True,0.6329704510108864,sex_chrom,False
573,Z,NC_080465.1,54487926.0,54487865,54490823,2959,6,1026,True,0.5318818040435459,sex_chrom,False
574,Z,NC_080465.1,54499348.0,54499287,54502246,2960,7,1203,True,0.6236391912908242,sex_chrom,False
575,Z,NC_080465.1,54510769.0,54510708,54513666,2959,7,1221,True,0.6329704510108864,sex_chrom,False
576,Z,NC_080465.1,54522190.0,54522129,54525087,2959,7,1203,True,0.6236391912908242,sex_chrom,False
577,Z,NC_080465.1,54533613.0,54533552,54536510,2959,7,1215,True,0.6298600311041991,sex_chrom,False
578,Z,NC_080465.1,54545030.0,54544969,54547927,2959,7,1203,True,0.6236391912908242,sex_chrom,False
579,Z,NC_080465.1,54556448.0,54556387,54559345,2959,7,1203,True,0.6236391912908242,sex_chrom,False
580,Z,NC_080465.1,54567869.0,54567808,54570766,2959,7,1203,True,0.6236391912908242,sex_chrom,False
581,Z,NC_080465.1,54579287.0,54579226,54582188,2963,7,1188,True,0.6158631415241057,sex_chrom,False
582,Z,NC_080465.1,54590723.0,54590662,54593625,2964,7,1188,True,0.6158631415241057,sex_chrom,False
583,Z,NC_080465.1,54602164.0,54602103,54605062,2960,7,1185,True,0.614307931570762,sex_chrom,False
584,Z,NC_080465.1,54613601.0,54613540,54616498,2959,7,1221,True,0.6329704510108864,sex_chrom,False
585,Z,NC_080465.1,54625024.0,54624963,54627922,2960,7,1203,True,0.6236391912908242,sex_chrom,False
586,Z,NC_080465.1,54636447.0,54636386,54639344,2959,7,1221,True,0.6329704510108864,sex_chrom,False
587,Z,NC_080465.1,54647865.0,54647804,54650762,2959,7,1221,True,0.6329704510108864,sex_chrom,False
588,Z,NC_080465.1,54659283.0,54659222,54662180,2959,7,1221,True,0.6329704510108864,sex_chrom,False
589,Z,NC_080465.1,54670699.0,54670638,54673596,2959,7,1203,True,0.6236391912908242,sex_chrom,False
590,Z,NC_080465.1,54682119.0,54682058,54685016,2959,7,1203,True,0.6236391912908242,sex_chrom,False
591,Z,NC_080465.1,54693533.0,54693472,54696434,2963,7,1188,True,0.6158631415241057,sex_chrom,False
592,Z,NC_080465.1,54704973.0,54704912,54707870,2959,7,1221,True,0.6329704510108864,sex_chrom,False
593,Z,NC_080465.1,54716396.0,54716335,54719293,2959,7,1203,True,0.6236391912908242,sex_chrom,False
594,Z,NC_080465.1,54727819.0,54727758,54730716,2959,7,1203,True,0.6236391912908242,sex_chrom,False
595,Z,NC_080465.1,54739245.0,54739184,54742142,2959,7,1221,True,0.6329704510108864,sex_chrom,False
596,Z,NC_080465.1,54750662.0,54750601,54753559,2959,7,1203,True,0.6236391912908242,sex_chrom,False
597,Z,NC_080465.1,54762078.0,54762017,54764978,2962,7,1191,True,0.6174183514774495,sex_chrom,False
598,Z,NC_080465.1,54773499.0,54773438,54776400,2963,7,1188,True,0.6158631415241057,sex_chrom,False
599,Z,NC_080465.1,54784932.0,54784871,54787824,2954,7,1200,True,0.6220839813374806,sex_chrom,False
600,Z,NC_080465.1,54812438.0,54812377,54815339,2963,7,1134,True,0.5878693623639192,sex_chrom,False
601,Z,NC_080465.1,54823874.0,54823813,54826772,2960,7,1185,True,0.614307931570762,sex_chrom,False
602,Z,NC_080465.1,54835309.0,54835248,54838210,2963,7,1188,True,0.6158631415241057,sex_chrom,False
603,Z,NC_080465.1,54846742.0,54846681,54849643,2963,7,1188,True,0.6158631415241057,sex_chrom,False
604,Z,NC_080465.1,54858181.0,54858120,54861082,2963,7,1188,True,0.6158631415241057,sex_chrom,False
606,Z,NC_080465.1,55442056.0,55432810,55444953,12144,8,1362,True,0.7060653188180405,sex_chrom,False
607,Z,NC_080465.1,55454012.0,55453951,55456909,2959,6,1005,True,0.52099533437014,sex_chrom,False
608,Z,NC_080465.1,55465962.0,55465901,55468859,2959,7,1152,True,0.5972006220839814,sex_chrom,False
609,Z,NC_080465.1,55478015.0,55477954,55480912,2959,7,1152,True,0.5972006220839814,sex_chrom,False
610,Z,NC_080465.1,55490084.0,55490023,55492981,2959,7,1152,True,0.5972006220839814,sex_chrom,False
611,Z,NC_080465.1,55502153.0,55502092,55505050,2959,7,1170,True,0.6065318818040435,sex_chrom,False
612,Z,NC_080465.1,55514109.0,55514048,55517006,2959,7,1170,True,0.6065318818040435,sex_chrom,False
613,Z,NC_080465.1,55526061.0,55526000,55528958,2959,7,1170,True,0.6065318818040435,sex_chrom,False
614,Z,NC_080465.1,55538014.0,55537953,55540911,2959,7,1170,True,0.6065318818040435,sex_chrom,False
615,Z,NC_080465.1,55550084.0,55550023,55552981,2959,7,1152,True,0.5972006220839814,sex_chrom,False
616,Z,NC_080465.1,55562154.0,55562093,55565051,2959,7,1152,True,0.5972006220839814,sex_chrom,False
617,Z,NC_080465.1,55574227.0,55574166,55577124,2959,7,1152,True,0.5972006220839814,sex_chrom,False
621,Z,NC_080465.1,55622532.0,55622471,55625428,2958,7,1134,True,0.5878693623639192,sex_chrom,False
622,Z,NC_080465.1,55634601.0,55634540,55637498,2959,7,1170,True,0.6065318818040435,sex_chrom,False
623,Z,NC_080465.1,55654957.0,55654896,55657854,2959,7,1170,True,0.6065318818040435,sex_chrom,False
624,Z,NC_080465.1,55674199.0,55674138,55676726,2589,6,978,True,0.5069984447900466,sex_chrom,False
626,Z,NC_080465.1,55698103.0,55698042,55701000,2959,7,1152,True,0.5972006220839814,sex_chrom,False
627,Z,NC_080465.1,55710055.0,55709994,55712952,2959,7,1170,True,0.6065318818040435,sex_chrom,False
628,Z,NC_080465.1,55722007.0,55721946,55724904,2959,7,1152,True,0.5972006220839814,sex_chrom,False
629,Z,NC_080465.1,55733962.0,55733901,55736859,2959,7,1170,True,0.6065318818040435,sex_chrom,False
630,Z,NC_080465.1,55745908.0,55745847,55748805,2959,7,1134,True,0.5878693623639192,sex_chrom,False
631,Z,NC_080465.1,55757861.0,55757800,55760758,2959,7,1170,True,0.6065318818040435,sex_chrom,False
632,Z,NC_080465.1,55769814.0,55769753,55772711,2959,7,1170,True,0.6065318818040435,sex_chrom,False
633,Z,NC_080465.1,55781770.0,55781709,55784667,2959,7,1170,True,0.6065318818040435,sex_chrom,False
634,Z,NC_080465.1,55793725.0,55793664,55796622,2959,7,1170,True,0.6065318818040435,sex_chrom,False
635,Z,NC_080465.1,55805671.0,55805610,55808568,2959,7,1152,True,0.5972006220839814,sex_chrom,False
636,Z,NC_080465.1,55817627.0,55817566,55820524,2959,7,1170,True,0.6065318818040435,sex_chrom,False
637,Z,NC_080465.1,55829580.0,55829519,55832477,2959,7,1170,True,0.6065318818040435,sex_chrom,False
638,Z,NC_080465.1,55841533.0,55841472,55844430,2959,7,1170,True,0.6065318818040435,sex_chrom,False
640,Z,NC_080465.1,55865433.0,55865372,55868330,2959,7,1152,True,0.5972006220839814,sex_chrom,False
641,Z,NC_080465.1,55877496.0,55877435,55880393,2959,7,1152,True,0.5972006220839814,sex_chrom,False
642,Z,NC_080465.1,55889558.0,55889497,55892455,2959,6,1044,True,0.5412130637636081,sex_chrom,False
643,Z,NC_080465.1,55912695.0,55912634,55915592,2959,7,1170,True,0.6065318818040435,sex_chrom,False
644,Z,NC_080465.1,55924648.0,55924587,55927545,2959,7,1170,True,0.6065318818040435,sex_chrom,False
645,Z,NC_080465.1,55944886.0,55944825,55947783,2959,7,1170,True,0.6065318818040435,sex_chrom,False
646,Z,NC_080465.1,55956838.0,55956777,55959735,2959,7,1170,True,0.6065318818040435,sex_chrom,False
647,Z,NC_080465.1,55968797.0,55968736,55971694,2959,7,1170,True,0.6065318818040435,sex_chrom,False
648,Z,NC_080465.1,55980753.0,55980692,55983650,2959,7,1170,True,0.6065318818040435,sex_chrom,False
649,Z,NC_080465.1,55992707.0,55992646,55995604,2959,7,1170,True,0.6065318818040435,sex_chrom,False
650,Z,NC_080465.1,56004664.0,56004603,56007562,2960,7,1170,True,0.6065318818040435,sex_chrom,False
651,Z,NC_080465.1,56025682.0,56025621,56028579,2959,7,1170,True,0.6065318818040435,sex_chrom,False
652,Z,NC_080465.1,56037635.0,56037574,56040532,2959,7,1170,True,0.6065318818040435,sex_chrom,False
653,Z,NC_080465.1,56049266.0,56049205,56052163,2959,7,1152,True,0.5972006220839814,sex_chrom,False
654,Z,NC_080465.1,56061335.0,56061274,56064232,2959,7,1170,True,0.6065318818040435,sex_chrom,False
655,Z,NC_080465.1,56073291.0,56073230,56076188,2959,7,1170,True,0.6065318818040435,sex_chrom,False
656,Z,NC_080465.1,56085243.0,56085182,56088140,2959,7,1170,True,0.6065318818040435,sex_chrom,False
657,Z,NC_080465.1,56097195.0,56097134,56100092,2959,7,1170,True,0.6065318818040435,sex_chrom,False
658,Z,NC_080465.1,56109147.0,56109086,56112044,2959,7,1170,True,0.6065318818040435,sex_chrom,False
659,Z,NC_080465.1,56121102.0,56121041,56123999,2959,7,1170,True,0.6065318818040435,sex_chrom,False
662,Z,NC_080465.1,56157331.0,56157270,56160228,2959,7,1152,True,0.5972006220839814,sex_chrom,False
663,Z,NC_080465.1,56169398.0,56169337,56172295,2959,7,1170,True,0.6065318818040435,sex_chrom,False
664,Z,NC_080465.1,56181468.0,56181407,56184365,2959,7,1170,True,0.6065318818040435,sex_chrom,False
665,Z,NC_080465.1,56201821.0,56201760,56204718,2959,7,1170,True,0.6065318818040435,sex_chrom,False
666,Z,NC_080465.1,56221063.0,56221002,56223959,2958,7,1170,True,0.6065318818040435,sex_chrom,False
667,Z,NC_080465.1,56240295.0,56240234,56243192,2959,7,1152,True,0.5972006220839814,sex_chrom,False
668,Z,NC_080465.1,56252247.0,56252186,56255144,2959,7,1152,True,0.5972006220839814,sex_chrom,False
669,Z,NC_080465.1,56264199.0,56264138,56267096,2959,7,1152,True,0.5972006220839814,sex_chrom,False
670,Z,NC_080465.1,56276151.0,56276090,56279048,2959,7,1170,True,0.6065318818040435,sex_chrom,False
671,Z,NC_080465.1,56288103.0,56288042,56291000,2959,7,1152,True,0.5972006220839814,sex_chrom,False
672,Z,NC_080465.1,56300055.0,56299994,56302952,2959,7,1152,True,0.5972006220839814,sex_chrom,False
673,Z,NC_080465.1,56312010.0,56311949,56314907,2959,7,1170,True,0.6065318818040435,sex_chrom,False
674,Z,NC_080465.1,56323956.0,56323895,56326853,2959,7,1134,True,0.5878693623639192,sex_chrom,False
675,Z,NC_080465.1,56335909.0,56335848,56338806,2959,7,1176,True,0.609642301710731,sex_chrom,False
676,Z,NC_080465.1,56347861.0,56347800,56350758,2959,7,1170,True,0.6065318818040435,sex_chrom,False
677,Z,NC_080465.1,56359814.0,56359753,56362711,2959,7,1152,True,0.5972006220839814,sex_chrom,False
678,Z,NC_080465.1,56371760.0,56371699,56374657,2959,7,1134,True,0.5878693623639192,sex_chrom,False
679,Z,NC_080465.1,56383713.0,56383652,56386610,2959,7,1170,True,0.6065318818040435,sex_chrom,False
680,Z,NC_080465.1,56395666.0,56395605,56398563,2959,7,1170,True,0.6065318818040435,sex_chrom,False
681,Z,NC_080465.1,56407621.0,56407560,56410518,2959,7,1170,True,0.6065318818040435,sex_chrom,False
682,Z,NC_080465.1,56419573.0,56419512,56422470,2959,7,1170,True,0.6065318818040435,sex_chrom,False
686,Z,NC_080465.1,56467476.0,56467415,56470373,2959,6,1044,True,0.5412130637636081,sex_chrom,False
687,Z,NC_080465.1,56498631.0,56498571,56501529,2959,7,1152,True,0.5972006220839814,sex_chrom,False
688,Z,NC_080465.1,56510573.0,56510512,56513470,2959,7,1170,True,0.6065318818040435,sex_chrom,False
689,Z,NC_080465.1,56522531.0,56522470,56525428,2959,7,1170,True,0.6065318818040435,sex_chrom,False
690,Z,NC_080465.1,56534485.0,56534424,56537382,2959,7,1170,True,0.6065318818040435,sex_chrom,False
691,Z,NC_080465.1,56546439.0,56546378,56549336,2959,7,1170,True,0.6065318818040435,sex_chrom,False
692,Z,NC_080465.1,56558396.0,56558335,56561294,2960,7,1170,True,0.6065318818040435,sex_chrom,False
693,Z,NC_080465.1,56579391.0,56579330,56582288,2959,7,1170,True,0.6065318818040435,sex_chrom,False
694,Z,NC_080465.1,56591345.0,56591284,56594242,2959,7,1170,True,0.6065318818040435,sex_chrom,False
697,Z,NC_080465.1,60824370.0,60824309,60827221,2913,7,1119,True,0.5800933125972006,sex_chrom,False
698,Z,NC_080465.1,60836284.0,60836223,60839154,2932,7,1113,True,0.5769828926905132,sex_chrom,False
699,Z,NC_080465.1,60848202.0,60848141,60851053,2913,7,1119,True,0.5800933125972006,sex_chrom,False
700,Z,NC_080465.1,60860116.0,60860055,60862967,2913,7,1119,True,0.5800933125972006,sex_chrom,False
701,Z,NC_080465.1,60872030.0,60871969,60874881,2913,7,1119,True,0.5800933125972006,sex_chrom,False
702,Z,NC_080465.1,60883944.0,60883883,60886795,2913,7,1119,True,0.5800933125972006,sex_chrom,False
703,Z,NC_080465.1,60895843.0,60895782,60898694,2913,7,1119,True,0.5800933125972006,sex_chrom,False
704,Z,NC_080465.1,60907757.0,60907696,60910608,2913,7,1119,True,0.5800933125972006,sex_chrom,False
705,Z,NC_080465.1,60919656.0,60919595,60922507,2913,7,1119,True,0.5800933125972006,sex_chrom,False
706,Z,NC_080465.1,60931555.0,60931494,60934406,2913,7,1119,True,0.5800933125972006,sex_chrom,False
707,Z,NC_080465.1,60943454.0,60943393,60946305,2913,7,1119,True,0.5800933125972006,sex_chrom,False
708,Z,NC_080465.1,60955353.0,60955292,60958204,2913,7,1119,True,0.5800933125972006,sex_chrom,False
709,Z,NC_080465.1,60967252.0,60967191,60970103,2913,7,1119,True,0.5800933125972006,sex_chrom,False
710,Z,NC_080465.1,60979166.0,60979105,60982017,2913,7,1119,True,0.5800933125972006,sex_chrom,False
711,Z,NC_080465.1,60991077.0,60991016,60993928,2913,7,1119,True,0.5800933125972006,sex_chrom,False
712,Z,NC_080465.1,61002988.0,61002927,61005839,2913,7,1119,True,0.5800933125972006,sex_chrom,False
713,Z,NC_080465.1,61014902.0,61014841,61017753,2913,7,1119,True,0.5800933125972006,sex_chrom,False
714,Z,NC_080465.1,61026816.0,61026755,61029667,2913,7,1119,True,0.5800933125972006,sex_chrom,False
715,Z,NC_080465.1,61038730.0,61038669,61041581,2913,7,1119,True,0.5800933125972006,sex_chrom,False
716,Z,NC_080465.1,61050644.0,61050583,61053514,2932,7,1119,True,0.5800933125972006,sex_chrom,False
717,Z,NC_080465.1,61062568.0,61062507,61065437,2931,7,1119,True,0.5800933125972006,sex_chrom,False
718,Z,NC_080465.1,61080314.0,61080253,61082787,2535,5,1125,True,0.583203732503888,sex_chrom,False
720,Z,NC_080465.1,68843632.0,68843571,68846538,2968,6,1005,True,0.52099533437014,sex_chrom,False
721,Z,NC_080465.1,68855599.0,68855538,68858496,2959,7,1170,True,0.6065318818040435,sex_chrom,False
722,Z,NC_080465.1,68875833.0,68875772,68878730,2959,7,1170,True,0.6065318818040435,sex_chrom,False
723,Z,NC_080465.1,68895065.0,68895004,68897962,2959,7,1170,True,0.6065318818040435,sex_chrom,False
724,Z,NC_080465.1,68924579.0,68924518,68927476,2959,7,1170,True,0.6065318818040435,sex_chrom,False
725,Z,NC_080465.1,68936531.0,68936470,68939428,2959,7,1170,True,0.6065318818040435,sex_chrom,False
726,Z,NC_080465.1,68948483.0,68948422,68951380,2959,7,1170,True,0.6065318818040435,sex_chrom,False
727,Z,NC_080465.1,68960435.0,68960374,68963332,2959,7,1170,True,0.6065318818040435,sex_chrom,False
730,unknown,NW_026652215.1,970927.0,967637,970988,3352,6,1020,True,0.5287713841368584,micro_derived,False
731,unknown,NW_026652215.1,1177369.0,1177308,1180676,3369,7,1428,True,0.7402799377916018,micro_derived,False
732,unknown,NW_026652215.1,1687726.0,1687665,1691019,3355,6,990,True,0.5132192846034215,micro_derived,False
733,unknown,NW_026652215.1,2341937.0,2341876,2345244,3369,7,1425,True,0.7387247278382582,micro_derived,False
734,unknown,NW_026652215.1,2537056.0,2536995,2539905,2911,6,1263,True,0.6547433903576982,micro_derived,False
735,unknown,NW_026652215.1,2650009.0,2649949,2653303,3355,6,987,True,0.5116640746500778,micro_derived,False
736,unknown,NW_026652215.1,4157415.0,4157355,4160709,3355,6,987,True,0.5116640746500778,micro_derived,False
737,unknown,NW_026652215.1,4962896.0,4959607,4962957,3351,6,1008,True,0.5225505443234837,micro_derived,False
740,unknown,NW_026652215.1,5764024.0,5760730,5764085,3356,6,1017,True,0.5272161741835147,micro_derived,False
741,unknown,NW_026652215.1,7481599.0,7478309,7481660,3352,6,1020,True,0.5287713841368584,micro_derived,False
742,unknown,NW_026652215.1,8274787.0,8274727,8278081,3355,6,990,True,0.5132192846034215,micro_derived,False
743,unknown,NW_026652215.1,9631920.0,9628627,9631981,3355,6,1002,True,0.5194401244167963,micro_derived,False
744,unknown,NW_026652215.1,10418306.0,10415000,10418368,3369,7,1428,True,0.7402799377916018,micro_derived,False
745,unknown,NW_026652216.1,1434036.0,1430729,1434098,3370,5,984,True,0.5101088646967341,micro_derived,False
747,unknown,NW_026652216.1,1616001.0,1613183,1635533,22351,10,1662,True,0.8615863141524106,micro_derived,False
748,unknown,NW_026652218.1,492032.0,488724,492094,3371,7,1101,True,0.5707620528771384,micro_derived,False
