gene_unit_id,chrom,accession,anchor_pos,start,end,span,n_hits,total_seq_len,has_exon13,coverage_frac,chrom_class,is_ancestral
0,1,NC_133024.1,40564620.0,40564559,40567781,3223,11,1554,True,0.946983546617916,macro_derived,False
1,1A,NC_133025.1,23886301.0,23886240,23889460,3221,11,1701,True,1.036563071297989,macro_derived,False
3,6,NC_133031.1,399908.0,396658,399970,3313,11,1419,True,0.8647166361974405,macro_derived,False
4,6,NC_133031.1,534520.0,531268,534582,3315,11,1419,True,0.8647166361974405,macro_derived,False
5,6,NC_133031.1,543581.0,540330,543643,3314,10,1404,True,0.8555758683729433,macro_derived,False
6,6,NC_133031.1,552503.0,549251,552565,3315,11,1419,True,0.8647166361974405,macro_derived,False
7,6,NC_133031.1,561541.0,558289,561603,3315,10,1404,True,0.8555758683729433,macro_derived,False
8,6,NC_133031.1,570497.0,567247,570559,3313,11,1419,True,0.8647166361974405,macro_derived,False
9,6,NC_133031.1,579448.0,576198,579510,3313,11,1419,True,0.8647166361974405,macro_derived,False
10,7,NC_133032.1,731307.0,731175,734562,3388,11,1620,True,0.9872029250457038,chr7_ancestral,False
11,7,NC_133032.1,738985.0,738853,742240,3388,10,1620,True,0.9872029250457038,chr7_ancestral,False
12,7,NC_133032.1,1805166.0,1801915,1805300,3386,11,1572,True,0.9579524680073126,chr7_ancestral,False
13,7,NC_133032.1,2238647.0,2238514,2241740,3227,8,1515,True,0.923217550274223,chr7_ancestral,False
14,7,NC_133032.1,3256245.0,3252147,3256307,4161,9,1836,True,1.1188299817184644,chr7_ancestral,False
16,7,NC_133032.1,27747455.0,27746860,27751603,4744,15,2772,True,1.6892138939670933,chr7_ancestral,False
17,7,NC_133032.1,28835692.0,28831543,28836290,4748,15,2733,True,1.6654478976234004,chr7_ancestral,True
18,7,NC_133032.1,29660361.0,29660300,29663599,3300,10,1455,True,0.886654478976234,chr7_ancestral,False
19,8,NC_133033.1,27545549.0,27545488,27548936,3449,10,1659,True,1.0109689213893966,macro_derived,False
20,16,NC_133041.1,561699.0,561629,564583,2955,6,1071,True,0.6526508226691042,micro_derived,False
21,16,NC_133041.1,622990.0,620170,623060,2891,6,945,True,0.5758683729433273,micro_derived,False
22,16,NC_133041.1,675164.0,672352,675234,2883,6,1284,True,0.7824497257769653,micro_derived,False
23,16,NC_133041.1,702283.0,699398,702353,2956,8,1359,True,0.8281535648994516,micro_derived,False
24,16,NC_133041.1,795436.0,792552,795506,2955,7,1320,True,0.8043875685557587,micro_derived,False
25,16,NC_133041.1,819908.0,819838,822729,2892,6,1296,True,0.7897623400365631,micro_derived,False
26,16,NC_133041.1,954228.0,951540,954496,2957,5,1014,True,0.6179159049360147,micro_derived,False
27,16,NC_133041.1,964801.0,964731,967686,2956,6,1359,True,0.8281535648994516,micro_derived,False
28,16,NC_133041.1,1012675.0,1012605,1015496,2892,6,1296,True,0.7897623400365631,micro_derived,False
29,16,NC_133041.1,1064699.0,1061814,1064760,2947,7,1062,True,0.6471663619744058,micro_derived,False
30,16,NC_133041.1,1113512.0,1110691,1113582,2892,6,1257,True,0.7659963436928702,micro_derived,False
31,16,NC_133041.1,1167613.0,1164729,1167683,2955,7,1071,True,0.6526508226691042,micro_derived,False
32,16,NC_133041.1,1201199.0,1198313,1201269,2957,7,1359,True,0.8281535648994516,micro_derived,False
33,16,NC_133041.1,1292640.0,1289411,1292908,3498,6,1275,True,0.7769652650822669,micro_derived,False
34,16,NC_133041.1,1310342.0,1310272,1313163,2892,6,1296,True,0.7897623400365631,micro_derived,False
35,16,NC_133041.1,1377476.0,1374654,1377546,2893,6,1296,True,0.7897623400365631,micro_derived,False
36,16,NC_133041.1,1411037.0,1408215,1411107,2893,6,1296,True,0.7897623400365631,micro_derived,False
37,16,NC_133041.1,1438037.0,1435216,1438107,2892,6,1296,True,0.7897623400365631,micro_derived,False
38,16,NC_133041.1,1481293.0,1478472,1481363,2892,6,1008,True,0.6142595978062158,micro_derived,False
39,16,NC_133041.1,1532511.0,1532441,1535396,2956,7,1359,True,0.8281535648994516,micro_derived,False
40,16,NC_133041.1,1614729.0,1611497,1614997,3501,6,1248,True,0.7605118829981719,micro_derived,False
41,16,NC_133041.1,1634486.0,1634416,1637371,2956,7,1032,True,0.6288848263254113,micro_derived,False
42,16,NC_133041.1,1702844.0,1700023,1702914,2892,6,1296,True,0.7897623400365631,micro_derived,False
43,16,NC_133041.1,1756310.0,1753490,1756380,2891,6,1032,True,0.6288848263254113,micro_derived,False
44,16,NC_133041.1,1781968.0,1779141,1782038,2898,6,1296,True,0.7897623400365631,micro_derived,False
45,16,NC_133041.1,1808223.0,1805339,1808293,2955,7,1353,True,0.8244972577696527,micro_derived,False
46,16,NC_133041.1,1860046.0,1857162,1860116,2955,7,1359,True,0.8281535648994516,micro_derived,False
47,16,NC_133041.1,1917088.0,1914205,1917158,2954,7,1095,True,0.6672760511882998,micro_derived,False
48,16,NC_133041.1,1937077.0,1937007,1939889,2883,6,1293,True,0.7879341864716636,micro_derived,False
49,16,NC_133041.1,1985337.0,1985267,1988159,2893,6,1008,True,0.6142595978062158,micro_derived,False
50,16,NC_133041.1,2010814.0,2007994,2010884,2891,6,1296,True,0.7897623400365631,micro_derived,False
51,16,NC_133041.1,2063044.0,2060222,2063114,2893,6,1251,True,0.7623400365630713,micro_derived,False
52,16,NC_133041.1,2088950.0,2086065,2089020,2956,7,1356,True,0.8263254113345521,micro_derived,False
53,16,NC_133041.1,2128615.0,2125730,2128685,2956,7,1320,True,0.8043875685557587,micro_derived,False
54,16,NC_133041.1,2150661.0,2147841,2150731,2891,6,1008,True,0.6142595978062158,micro_derived,False
55,16,NC_133041.1,2201796.0,2198378,2201866,3489,7,1317,True,0.8025594149908593,micro_derived,False
56,16,NC_133041.1,2243948.0,2240550,2244018,3469,9,1638,True,0.9981718464351006,micro_derived,False
57,16,NC_133041.1,2271605.0,2271535,2274424,2890,6,1032,True,0.6288848263254113,micro_derived,False
58,16,NC_133041.1,2314875.0,2312053,2314945,2893,6,1296,True,0.7897623400365631,micro_derived,False
59,16,NC_133041.1,2326994.0,2326924,2329816,2893,6,1296,True,0.7897623400365631,micro_derived,False
60,16,NC_133041.1,2361468.0,2358646,2361538,2893,6,1296,True,0.7897623400365631,micro_derived,False
61,16,NC_133041.1,2389971.0,2387151,2390041,2891,6,1296,True,0.7897623400365631,micro_derived,False
62,16,NC_133041.1,2411437.0,2408616,2411507,2892,6,1008,True,0.6142595978062158,micro_derived,False
63,16,NC_133041.1,2425981.0,2423161,2426041,2881,6,1287,True,0.7842778793418648,micro_derived,False
64,16,NC_133041.1,2446163.0,2446093,2466060,19968,8,1614,True,0.9835466179159049,micro_derived,False
65,16,NC_133041.1,2515011.0,2495946,2515081,19136,9,1431,True,0.8720292504570384,micro_derived,False
66,16,NC_133041.1,2559617.0,2556796,2559687,2892,6,1296,True,0.7897623400365631,micro_derived,False
67,16,NC_133041.1,2579858.0,2579788,2582680,2893,6,1008,True,0.6142595978062158,micro_derived,False
68,16,NC_133041.1,2631852.0,2628967,2631922,2956,6,1365,True,0.8318098720292505,micro_derived,False
69,16,NC_133041.1,2651683.0,2651613,2654566,2954,7,1626,True,0.9908592321755028,micro_derived,False
70,16,NC_133041.1,2741847.0,2738964,2741917,2954,7,1071,True,0.6526508226691042,micro_derived,False
71,16,NC_133041.1,2767720.0,2767650,2770541,2892,6,1296,True,0.7897623400365631,micro_derived,False
72,16,NC_133041.1,2793776.0,2793706,2796661,2956,6,1359,True,0.8281535648994516,micro_derived,False
73,16,NC_133041.1,2823555.0,2820672,2823625,2954,7,1032,True,0.6288848263254113,micro_derived,False
74,16,NC_133041.1,2853636.0,2850751,2853706,2956,7,1359,True,0.8281535648994516,micro_derived,False
75,16,NC_133041.1,2873435.0,2873168,2876669,3502,5,1107,True,0.6745886654478976,micro_derived,False
76,16,NC_133041.1,2928587.0,2925767,2928657,2891,6,1296,True,0.7897623400365631,micro_derived,False
77,16,NC_133041.1,2951389.0,2951319,2954209,2891,7,1032,True,0.6288848263254113,micro_derived,False
78,16,NC_133041.1,2978835.0,2978765,2981719,2955,7,1320,True,0.8043875685557587,micro_derived,False
79,16,NC_133041.1,3006571.0,3006500,3009392,2893,6,1296,True,0.7897623400365631,micro_derived,False
80,16,NC_133041.1,3032971.0,3030148,3033041,2894,6,1257,True,0.7659963436928702,micro_derived,False
81,16,NC_133041.1,3053805.0,3050921,3053875,2955,7,1359,True,0.8281535648994516,micro_derived,False
82,16,NC_133041.1,3090214.0,3087392,3090284,2893,6,1296,True,0.7897623400365631,micro_derived,False
83,16,NC_133041.1,3127711.0,3127650,3130532,2883,6,999,True,0.6087751371115173,micro_derived,False
84,16,NC_133041.1,3165461.0,3165391,3168282,2892,6,1008,True,0.6142595978062158,micro_derived,False
85,16,NC_133041.1,3180961.0,3180891,3183846,2956,7,1071,True,0.6526508226691042,micro_derived,False
86,16,NC_133041.1,3227190.0,3227120,3230009,2890,6,1563,True,0.9524680073126143,micro_derived,False
87,16,NC_133041.1,3284262.0,3281440,3284332,2893,6,1296,True,0.7897623400365631,micro_derived,False
88,16,NC_133041.1,3383455.0,3380634,3383525,2892,6,969,True,0.5904936014625228,micro_derived,False
89,16,NC_133041.1,3399589.0,3399519,3402410,2892,6,1296,True,0.7897623400365631,micro_derived,False
90,16,NC_133041.1,3433617.0,3430734,3433690,2957,7,1359,True,0.8281535648994516,micro_derived,False
92,16,NC_133041.1,3465781.0,3462961,3465851,2891,6,1296,True,0.7897623400365631,micro_derived,False
93,16,NC_133041.1,3515002.0,3512119,3515072,2954,7,1359,True,0.8281535648994516,micro_derived,False
94,16,NC_133041.1,3569215.0,3566394,3569285,2892,6,1296,True,0.7897623400365631,micro_derived,False
95,16,NC_133041.1,3610769.0,3607948,3610839,2892,6,1296,True,0.7897623400365631,micro_derived,False
96,16,NC_133041.1,3654045.0,3651224,3654115,2892,6,1296,True,0.7897623400365631,micro_derived,False
97,16,NC_133041.1,3717554.0,3714670,3717624,2955,7,1359,True,0.8281535648994516,micro_derived,False
98,16,NC_133041.1,3734130.0,3731309,3734191,2883,6,1287,True,0.7842778793418648,micro_derived,False
99,16,NC_133041.1,3796945.0,3794061,3797015,2955,7,1359,True,0.8281535648994516,micro_derived,False
100,16,NC_133041.1,3849612.0,3849542,3852497,2956,6,1356,True,0.8263254113345521,micro_derived,False
101,16,NC_133041.1,3906361.0,3903539,3906431,2893,6,1296,True,0.7897623400365631,micro_derived,False
102,16,NC_133041.1,3946932.0,3943581,3947002,3422,8,1269,True,0.773308957952468,micro_derived,False
103,16,NC_133041.1,3991742.0,3988921,3991803,2883,6,1287,True,0.7842778793418648,micro_derived,False
104,16,NC_133041.1,4066584.0,4063763,4066654,2892,6,999,True,0.6087751371115173,micro_derived,False
105,21,NC_133046.1,7807468.0,7807407,7810927,3521,9,1353,True,0.8244972577696527,micro_derived,False
106,22,NC_133047.1,199434.0,195984,199487,3504,8,1344,True,0.8190127970749543,micro_derived,False
107,22,NC_133047.1,230549.0,227088,230611,3524,9,1353,True,0.8244972577696527,micro_derived,False
108,24,NC_133049.1,134584.0,131353,140610,9258,8,1788,True,1.089579524680073,micro_derived,False
109,24,NC_133049.1,274212.0,271902,274480,2579,6,1185,True,0.7221206581352834,micro_derived,False
110,24,NC_133049.1,352964.0,350284,353097,2814,7,1230,True,0.7495429616087751,micro_derived,False
111,25,NC_133050.1,935398.0,935131,938617,3487,10,1839,True,1.1206581352833638,micro_derived,False
112,25,NC_133050.1,1042545.0,1039316,1042607,3292,10,1551,True,0.9451553930530164,micro_derived,False
113,25,NC_133050.1,1070813.0,1067364,1070875,3512,9,1329,True,0.8098720292504571,micro_derived,False
114,25,NC_133050.1,1132220.0,1129000,1132488,3489,9,1686,True,1.0274223034734917,micro_derived,False
115,25,NC_133050.1,1269755.0,1266520,1269817,3298,10,1509,True,0.9195612431444241,micro_derived,False
117,25,NC_133050.1,1360207.0,1357033,1360451,3419,9,1710,True,1.0420475319926874,micro_derived,False
118,25,NC_133050.1,1384601.0,1384334,1387923,3590,10,1767,True,1.076782449725777,micro_derived,False
119,25,NC_133050.1,1489502.0,1486267,1489564,3298,10,1509,True,0.9195612431444241,micro_derived,False
120,25,NC_133050.1,1513606.0,1510385,1513874,3490,8,2043,True,1.2449725776965266,micro_derived,False
121,25,NC_133050.1,1661015.0,1657628,1661086,3459,10,1671,True,1.0182815356489945,micro_derived,False
122,25,NC_133050.1,1689825.0,1686365,1689887,3523,9,1353,True,0.8244972577696527,micro_derived,False
124,25,NC_133050.1,1805222.0,1801998,1805490,3493,8,1863,True,1.1352833638025595,micro_derived,False
125,25,NC_133050.1,1946689.0,1943453,1946751,3299,9,1659,True,1.0109689213893966,micro_derived,False
126,25,NC_133050.1,1985778.0,1985646,1988894,3249,9,1752,True,1.0676416819012797,micro_derived,False
127,25,NC_133050.1,2043029.0,2042762,2046249,3488,9,1701,True,1.036563071297989,micro_derived,False
128,25,NC_133050.1,2084385.0,2084118,2087558,3441,8,1512,True,0.9213893967093236,micro_derived,False
129,25,NC_133050.1,2199938.0,2196640,2200000,3361,10,1572,True,0.9579524680073126,micro_derived,False
131,25,NC_133050.1,2299859.0,2296635,2300076,3442,9,1800,True,1.0968921389396709,micro_derived,False
132,25,NC_133050.1,2391055.0,2387820,2391117,3298,10,1509,True,0.9195612431444241,micro_derived,False
133,25,NC_133050.1,2440655.0,2440388,2444028,3641,9,1722,True,1.0493601462522852,micro_derived,False
134,25,NC_133050.1,2558509.0,2555274,2558571,3298,10,1509,True,0.9195612431444241,micro_derived,False
135,25,NC_133050.1,2699402.0,2696105,2699464,3360,10,1572,True,0.9579524680073126,micro_derived,False
136,25,NC_133050.1,2888515.0,2885280,2888577,3298,10,1509,True,0.9195612431444241,micro_derived,False
137,25,NC_133050.1,3012873.0,3009639,3012935,3297,10,1515,True,0.923217550274223,micro_derived,False
139,25,NC_133050.1,3102944.0,3099769,3103179,3411,8,1629,True,0.9926873857404022,micro_derived,False
141,25,NC_133050.1,3206432.0,3203255,3206699,3445,7,1215,True,0.7404021937842779,micro_derived,False
142,25,NC_133050.1,3314744.0,3311510,3314806,3297,9,1656,True,1.0091407678244972,micro_derived,False
143,25,NC_133050.1,3418139.0,3414686,3418192,3507,8,1344,True,0.8190127970749543,micro_derived,False
144,25,NC_133050.1,3443770.0,3440324,3443823,3500,8,1344,True,0.8190127970749543,micro_derived,False
146,25,NC_133050.1,3791260.0,3788109,3791528,3420,9,1743,True,1.0621572212065813,micro_derived,False
147,25,NC_133050.1,3880645.0,3880378,3883867,3490,8,1569,True,0.9561243144424132,micro_derived,False
148,25,NC_133050.1,3990977.0,3987589,3991039,3451,10,1662,True,1.012797074954296,micro_derived,False
149,25,NC_133050.1,4062946.0,4059649,4063008,3360,10,1572,True,0.9579524680073126,micro_derived,False
150,25,NC_133050.1,4100618.0,4100557,4103877,3321,10,1515,True,0.923217550274223,micro_derived,False
151,25,NC_133050.1,4144837.0,4144776,4148071,3296,9,1281,True,0.7806215722120659,micro_derived,False
152,25,NC_133050.1,4239423.0,4236188,4239485,3298,10,1509,True,0.9195612431444241,micro_derived,False
153,25,NC_133050.1,4332203.0,4331995,4335424,3430,8,1380,True,0.8409506398537477,micro_derived,False
154,25,NC_133050.1,4349315.0,4346141,4349583,3443,8,1827,True,1.113345521023766,micro_derived,False
155,25,NC_133050.1,4435261.0,4432026,4435323,3298,10,1509,True,0.9195612431444241,micro_derived,False
156,25,NC_133050.1,4519032.0,4518765,4522252,3488,10,1767,True,1.076782449725777,micro_derived,False
157,25,NC_133050.1,4586632.0,4586580,4590093,3514,9,1344,True,0.8190127970749543,micro_derived,False
158,25,NC_133050.1,4661238.0,4661105,4664472,3368,9,1728,True,1.053016453382084,micro_derived,False
159,25,NC_133050.1,4769405.0,4765948,4769467,3520,9,1353,True,0.8244972577696527,micro_derived,False
160,25,NC_133050.1,4826395.0,4823170,4826663,3494,10,1605,True,0.9780621572212066,micro_derived,False
161,25,NC_133050.1,4964131.0,4960897,4964193,3297,9,1620,True,0.9872029250457038,micro_derived,False
163,28,NC_133053.1,5732976.0,5729521,5733037,3517,10,1904,True,1.1602681291895185,micro_derived,False
164,28,NC_133053.1,5961894.0,5959215,5962162,2948,7,1326,True,0.8080438756855576,micro_derived,False
165,28,NC_133053.1,5993619.0,5993558,5996855,3298,11,1710,True,1.0420475319926874,micro_derived,False
166,28,NC_133053.1,6251911.0,6251644,6254566,2923,6,1431,True,0.8720292504570384,micro_derived,False
167,29,NC_133054.1,496806.0,496745,500040,3296,11,1521,True,0.926873857404022,micro_derived,False
168,29,NC_133054.1,537329.0,537113,540551,3439,9,1548,True,0.943327239488117,micro_derived,False
169,29,NC_133054.1,602056.0,601996,605317,3322,9,1728,True,1.053016453382084,micro_derived,False
170,29,NC_133054.1,744330.0,744198,747443,3246,10,1608,True,0.979890310786106,micro_derived,False
171,29,NC_133054.1,810250.0,809983,813492,3510,8,1320,True,0.8043875685557587,micro_derived,False
172,29,NC_133054.1,827301.0,824081,827569,3489,8,1416,True,0.8628884826325411,micro_derived,False
173,29,NC_133054.1,888429.0,885316,897684,12369,10,1929,True,1.1755027422303475,micro_derived,False
174,29,NC_133054.1,919787.0,904906,923253,18348,10,1560,True,0.9506398537477148,micro_derived,False
175,29,NC_133054.1,929865.0,929733,932981,3249,11,1992,True,1.2138939670932358,micro_derived,False
176,29,NC_133054.1,1036069.0,1029136,1046074,16939,14,2637,True,1.606946983546618,micro_derived,False
177,29,NC_133054.1,1125085.0,1121970,1125218,3249,10,1605,True,0.9780621572212066,micro_derived,False
178,29,NC_133054.1,1188324.0,1188063,1191541,3479,9,1581,True,0.9634369287020109,micro_derived,False
179,29,NC_133054.1,1251525.0,1251258,1254746,3489,9,1860,True,1.13345521023766,micro_derived,False
180,29,NC_133054.1,1264648.0,1261409,1264916,3508,8,1380,True,0.8409506398537477,micro_derived,False
181,29,NC_133054.1,1320782.0,1297671,1321050,23380,8,1365,True,0.8318098720292505,micro_derived,False
182,29,NC_133054.1,1361028.0,1360811,1364246,3436,9,1488,True,0.906764168190128,micro_derived,False
183,29,NC_133054.1,1378680.0,1375460,1378948,3489,6,1251,True,0.7623400365630713,micro_derived,False
184,29,NC_133054.1,1427759.0,1427627,1430873,3247,11,1653,True,1.0073126142595978,micro_derived,False
185,29,NC_133054.1,1478662.0,1478395,1481896,3502,9,1686,True,1.0274223034734917,micro_derived,False
186,29,NC_133054.1,1495986.0,1492776,1496254,3479,7,1503,True,0.9159049360146252,micro_derived,False
187,29,NC_133054.1,1532212.0,1531996,1535357,3362,9,1470,True,0.8957952468007313,micro_derived,False
188,29,NC_133054.1,1548813.0,1545595,1549081,3487,8,1650,True,1.0054844606946984,micro_derived,False
189,29,NC_133054.1,1678425.0,1678209,1681650,3442,8,1461,True,0.8903107861060329,micro_derived,False
190,29,NC_133054.1,1853687.0,1850465,1853955,3491,7,1182,True,0.720292504570384,micro_derived,False
191,29,NC_133054.1,1930811.0,1930679,1933927,3249,10,1605,True,0.9780621572212066,micro_derived,False
192,29,NC_133054.1,1992240.0,1991973,1995472,3500,9,1569,True,0.9561243144424132,micro_derived,False
193,29,NC_133054.1,2030028.0,2029761,2033268,3508,7,1662,True,1.012797074954296,micro_derived,False
194,29,NC_133054.1,2128327.0,2125215,2128460,3246,10,1653,True,1.0073126142595978,micro_derived,False
195,29,NC_133054.1,2149868.0,2149600,2153087,3488,9,1530,True,0.9323583180987203,micro_derived,False
196,29,NC_133054.1,2239115.0,2235895,2239350,3456,9,1521,True,0.926873857404022,micro_derived,False
197,29,NC_133054.1,2305908.0,2302794,2306041,3248,10,1608,True,0.979890310786106,micro_derived,False
198,29,NC_133054.1,2395909.0,2392670,2396178,3509,8,1674,True,1.0201096892138939,micro_derived,False
199,29,NC_133054.1,2434182.0,2431075,2434225,3151,10,1512,True,0.9213893967093236,micro_derived,False
200,29,NC_133054.1,2444129.0,2440668,2444317,3650,8,1479,True,0.9012797074954296,micro_derived,False
201,29,NC_133054.1,2460963.0,2460696,2478783,18088,11,2352,True,1.43327239488117,micro_derived,False
202,30,NC_133055.1,2350530.0,2347314,2350798,3485,9,1593,True,0.9707495429616088,micro_derived,False
203,30,NC_133055.1,2359702.0,2356706,2359763,3058,11,1488,True,0.906764168190128,micro_derived,False
204,30,NC_133055.1,2514619.0,2514352,2517840,3489,9,1515,True,0.923217550274223,micro_derived,False
205,30,NC_133055.1,3035820.0,3032603,3036088,3486,9,1671,True,1.0182815356489945,micro_derived,False
206,30,NC_133055.1,3134626.0,3131368,3134858,3491,8,1560,True,0.9506398537477148,micro_derived,False
207,30,NC_133055.1,3285501.0,3282286,3285769,3484,10,1587,True,0.9670932358318098,micro_derived,False
208,30,NC_133055.1,3433510.0,3430251,3433571,3321,10,1533,True,0.9341864716636198,micro_derived,False
209,30,NC_133055.1,3507751.0,3507484,3510979,3496,8,1743,True,1.0621572212065813,micro_derived,False
210,30,NC_133055.1,3958545.0,3958278,3961513,3236,8,1755,True,1.0694698354661791,micro_derived,False
211,30,NC_133055.1,3974233.0,3971011,3974366,3356,9,1554,True,0.946983546617916,micro_derived,False
212,30,NC_133055.1,4444676.0,4444409,4447353,2945,6,1221,True,0.7440585009140768,micro_derived,False
213,30,NC_133055.1,4699806.0,4699674,4703022,3349,9,1443,True,0.8793418647166362,micro_derived,False
214,30,NC_133055.1,4821575.0,4818380,4821618,3239,6,1020,True,0.6215722120658135,micro_derived,False
215,30,NC_133055.1,4870884.0,4867654,4871152,3499,7,1758,True,1.0712979890310785,micro_derived,False
216,30,NC_133055.1,5202307.0,5198346,5202350,4005,9,1821,True,1.1096892138939671,micro_derived,False
217,30,NC_133055.1,5392097.0,5391881,5395309,3429,9,1776,True,1.0822669104204754,micro_derived,False
218,30,NC_133055.1,5527751.0,5524514,5527959,3446,9,1338,True,0.8153564899451554,micro_derived,False
219,30,NC_133055.1,5620609.0,5620579,5624569,3991,10,1407,True,0.8574040219378428,micro_derived,False
220,30,NC_133055.1,5638067.0,5634846,5638335,3490,9,1968,True,1.1992687385740401,micro_derived,False
221,30,NC_133055.1,5902488.0,5902272,5905712,3441,7,1311,True,0.7989031078610603,micro_derived,False
222,30,NC_133055.1,6275669.0,6272448,6275937,3490,11,1593,True,0.9707495429616088,micro_derived,False
223,30,NC_133055.1,6309936.0,6309804,6313158,3355,9,1419,True,0.8647166361974405,micro_derived,False
224,30,NC_133055.1,6326794.0,6323553,6327062,3510,8,1374,True,0.8372943327239488,micro_derived,False
225,30,NC_133055.1,6788249.0,6785028,6788382,3355,9,1737,True,1.0585009140767825,micro_derived,False
226,30,NC_133055.1,6895583.0,6895316,6898738,3423,9,1569,True,0.9561243144424132,micro_derived,False
227,30,NC_133055.1,7130231.0,7130015,7133441,3427,9,1422,True,0.8665447897623401,micro_derived,False
228,30,NC_133055.1,7233783.0,7233516,7236956,3441,8,1629,True,0.9926873857404022,micro_derived,False
229,30,NC_133055.1,7980228.0,7980168,7983467,3300,8,1494,True,0.9104204753199269,micro_derived,False
230,30,NC_133055.1,8040409.0,8040142,8043568,3427,8,1824,True,1.1115173674588665,micro_derived,False
231,30,NC_133055.1,8427275.0,8427008,8430230,3223,10,1644,True,1.0018281535648994,micro_derived,False
232,30,NC_133055.1,8565295.0,8562056,8565564,3509,8,1419,True,0.8647166361974405,micro_derived,False
233,30,NC_133055.1,9010631.0,9008213,9010764,2552,5,996,True,0.6069469835466179,micro_derived,False
234,30,NC_133055.1,9141360.0,9141227,9144618,3392,10,1605,True,0.9780621572212066,micro_derived,False
235,30,NC_133055.1,9152314.0,9152098,9155525,3428,9,1815,True,1.106032906764168,micro_derived,False
236,30,NC_133055.1,9406170.0,9402950,9406438,3489,9,1584,True,0.9652650822669104,micro_derived,False
237,30,NC_133055.1,9416436.0,9413321,9416498,3178,9,1299,True,0.7915904936014625,micro_derived,False
238,31,NC_133056.1,2479893.0,2479626,2487131,7506,12,1944,True,1.1846435100548447,micro_derived,False
239,31,NC_133056.1,2688876.0,2688834,2692203,3370,10,1231,True,0.7501523461304083,micro_derived,False
240,31,NC_133056.1,2758577.0,2755437,2758794,3358,8,1350,True,0.8226691042047533,micro_derived,False
241,31,NC_133056.1,2840233.0,2839966,2843452,3487,9,1569,True,0.9561243144424132,micro_derived,False
242,31,NC_133056.1,3026540.0,3023279,3026583,3305,10,1515,True,0.923217550274223,micro_derived,False
243,31,NC_133056.1,3088066.0,3078654,3091286,12633,9,1527,True,0.9305301645338209,micro_derived,False
244,31,NC_133056.1,3195288.0,3195246,3198612,3367,8,1230,True,0.7495429616087751,micro_derived,False
245,31,NC_133056.1,3211817.0,3208662,3212034,3373,7,1656,True,1.0091407678244972,micro_derived,False
246,31,NC_133056.1,3349954.0,3349687,3353175,3489,9,1569,True,0.9561243144424132,micro_derived,False
247,31,NC_133056.1,3408486.0,3408417,3411966,3550,11,1763,True,1.0743449116392443,micro_derived,False
248,31,NC_133056.1,3472572.0,3469354,3472840,3487,9,1743,True,1.0621572212065813,micro_derived,False
249,31,NC_133056.1,3633209.0,3629970,3633342,3373,8,1239,True,0.7550274223034735,micro_derived,False
250,31,NC_133056.1,3729898.0,3726637,3729960,3324,11,1581,True,0.9634369287020109,micro_derived,False
251,31,NC_133056.1,3799681.0,3796421,3799743,3323,10,1692,True,1.0310786106032908,micro_derived,False
252,31,NC_133056.1,3842261.0,3841994,3845480,3487,10,1563,True,0.9524680073126143,micro_derived,False
253,31,NC_133056.1,3859322.0,3856105,3859365,3261,9,1332,True,0.8117001828153565,micro_derived,False
254,31,NC_133056.1,3908461.0,3908194,3911683,3490,9,1569,True,0.9561243144424132,micro_derived,False
255,31,NC_133056.1,3924979.0,3921763,3925248,3486,9,1878,True,1.1444241316270567,micro_derived,False
256,31,NC_133056.1,3976741.0,3973856,3976803,2948,6,1095,True,0.6672760511882998,micro_derived,False
257,31,NC_133056.1,3995841.0,3995799,3999081,3283,8,1257,True,0.7659963436928702,micro_derived,False
258,31,NC_133056.1,4055163.0,4052960,4055431,2472,5,951,True,0.5795246800731262,micro_derived,False
259,31,NC_133056.1,4169310.0,4166091,4169579,3489,7,1293,True,0.7879341864716636,micro_derived,False
260,31,NC_133056.1,4258479.0,4258212,4261699,3488,9,1677,True,1.0219378427787935,micro_derived,False
261,31,NC_133056.1,4341138.0,4337918,4341355,3438,10,1551,True,0.9451553930530164,micro_derived,False
262,31,NC_133056.1,4406641.0,4403421,4406909,3489,8,1443,True,0.8793418647166362,micro_derived,False
263,31,NC_133056.1,4493931.0,4493697,4497152,3456,9,1578,True,0.9616087751371115,micro_derived,False
264,31,NC_133056.1,4652400.0,4652183,4655619,3437,9,1626,True,0.9908592321755028,micro_derived,False
265,31,NC_133056.1,4749833.0,4749566,4753045,3480,8,1671,True,1.0182815356489945,micro_derived,False
266,31,NC_133056.1,4849279.0,4849012,4852518,3507,8,1701,True,1.036563071297989,micro_derived,False
267,31,NC_133056.1,4866626.0,4863405,4866843,3439,9,1548,True,0.943327239488117,micro_derived,False
268,31,NC_133056.1,4907257.0,4904022,4907319,3298,10,1509,True,0.9195612431444241,micro_derived,False
269,32,NC_133057.1,2881432.0,2878258,2881700,3443,7,1419,True,0.8647166361974405,micro_derived,False
270,32,NC_133057.1,2911323.0,2911281,2914498,3218,8,1194,True,0.7276051188299817,micro_derived,False
271,32,NC_133057.1,3089101.0,3085861,3089319,3459,8,1422,True,0.8665447897623401,micro_derived,False
272,32,NC_133057.1,3119071.0,3118855,3122244,3390,7,1311,True,0.7989031078610603,micro_derived,False
273,32,NC_133057.1,3697426.0,3697159,3700595,3437,6,1323,True,0.8062157221206582,micro_derived,False
274,32,NC_133057.1,3873488.0,3870247,3873732,3486,8,1344,True,0.8190127970749543,micro_derived,False
275,32,NC_133057.1,3903289.0,3903020,3906479,3460,7,1428,True,0.870201096892139,micro_derived,False
276,32,NC_133057.1,4319159.0,4315921,4319428,3508,7,1296,True,0.7897623400365631,micro_derived,False
277,32,NC_133057.1,4348885.0,4348642,4352059,3418,7,1149,True,0.70018281535649,micro_derived,False
280,33,NC_133058.1,1943901.0,1940682,1944118,3437,9,1785,True,1.0877513711151736,micro_derived,False
281,33,NC_133058.1,2010324.0,2010108,2013562,3455,7,1392,True,0.8482632541133455,micro_derived,False
283,33,NC_133058.1,2175911.0,2175695,2179131,3437,9,1656,True,1.0091407678244972,micro_derived,False
284,33,NC_133058.1,2238574.0,2238513,2241833,3321,10,1497,True,0.9122486288848263,micro_derived,False
285,33,NC_133058.1,2492099.0,2491832,2495320,3489,10,1611,True,0.9817184643510055,micro_derived,False
286,33,NC_133058.1,2508628.0,2505410,2508896,3487,9,1866,True,1.1371115173674589,micro_derived,False
287,33,NC_133058.1,2661720.0,2658462,2661782,3321,11,1497,True,0.9122486288848263,micro_derived,False
288,33,NC_133058.1,2776564.0,2776296,2791743,15448,13,2463,True,1.5009140767824498,micro_derived,False
289,33,NC_133058.1,2934967.0,2934751,2938186,3436,9,1518,True,0.9250457038391224,micro_derived,False
290,33,NC_133058.1,3043401.0,3043133,3046621,3489,9,1587,True,0.9670932358318098,micro_derived,False
291,33,NC_133058.1,3063475.0,3056198,3063744,7547,13,2274,True,1.3857404021937842,micro_derived,False
292,33,NC_133058.1,3074235.0,3070974,3074297,3324,9,1644,True,1.0018281535648994,micro_derived,False
293,33,NC_133058.1,3084302.0,3081041,3084364,3324,10,1497,True,0.9122486288848263,micro_derived,False
294,33,NC_133058.1,3093185.0,3090071,3093247,3177,10,1533,True,0.9341864716636198,micro_derived,False
295,33,NC_133058.1,3102184.0,3098926,3102246,3321,9,1407,True,0.8574040219378428,micro_derived,False
296,33,NC_133058.1,3284444.0,3284176,3287962,3787,7,1302,True,0.793418647166362,micro_derived,False
297,33,NC_133058.1,3429838.0,3429604,3433059,3456,9,1536,True,0.9360146252285192,micro_derived,False
298,33,NC_133058.1,3446333.0,3443178,3446601,3424,9,1866,True,1.1371115173674589,micro_derived,False
299,33,NC_133058.1,3484071.0,3480813,3484133,3321,10,1533,True,0.9341864716636198,micro_derived,False
300,33,NC_133058.1,3541195.0,3537956,3541463,3508,8,1374,True,0.8372943327239488,micro_derived,False
301,33,NC_133058.1,3618775.0,3615554,3618992,3439,9,1542,True,0.9396709323583181,micro_derived,False
302,33,NC_133058.1,3659449.0,3656216,3659511,3296,9,1704,True,1.0383912248628884,micro_derived,False
303,34,NC_133059.1,386189.0,386128,389425,3298,10,1509,True,0.9195612431444241,micro_derived,False
304,34,NC_133059.1,457680.0,454434,457898,3465,9,1575,True,0.9597806215722121,micro_derived,False
305,34,NC_133059.1,647460.0,647193,650608,3416,8,1368,True,0.8336380255941499,micro_derived,False
306,34,NC_133059.1,660573.0,657353,660790,3438,9,1653,True,1.0073126142595978,micro_derived,False
307,34,NC_133059.1,796218.0,779685,796487,16803,17,3360,True,2.047531992687386,micro_derived,False
308,34,NC_133059.1,977181.0,977120,980438,3319,10,1350,True,0.8226691042047533,micro_derived,False
309,34,NC_133059.1,1017847.0,1017631,1021062,3432,9,1689,True,1.0292504570383911,micro_derived,False
310,34,NC_133059.1,1047095.0,1046828,1050315,3488,9,1611,True,0.9817184643510055,micro_derived,False
311,34,NC_133059.1,1061068.0,1060833,1064287,3455,9,1935,True,1.1791590493601463,micro_derived,False
312,34,NC_133059.1,1167089.0,1166822,1170308,3487,9,1821,True,1.1096892138939671,micro_derived,False
313,34,NC_133059.1,1200334.0,1200118,1203571,3454,9,1614,True,0.9835466179159049,micro_derived,False
314,34,NC_133059.1,1330445.0,1330178,1333663,3486,9,1830,True,1.1151736745886653,micro_derived,False
315,34,NC_133059.1,1417961.0,1417900,1421051,3152,10,1515,True,0.923217550274223,micro_derived,False
316,34,NC_133059.1,1507836.0,1496505,1508104,11600,7,1734,True,1.056672760511883,micro_derived,False
317,34,NC_133059.1,1535223.0,1534956,1538460,3505,8,1365,True,0.8318098720292505,micro_derived,False
318,34,NC_133059.1,1623318.0,1619802,1623535,3734,7,1533,True,0.9341864716636198,micro_derived,False
319,34,NC_133059.1,1676657.0,1676441,1680085,3645,9,1992,True,1.2138939670932358,micro_derived,False
320,34,NC_133059.1,1729476.0,1729344,1732591,3248,10,1569,True,0.9561243144424132,micro_derived,False
321,34,NC_133059.1,1826828.0,1826561,1830049,3489,9,1593,True,0.9707495429616088,micro_derived,False
322,34,NC_133059.1,1846974.0,1843517,1847162,3646,8,1455,True,0.886654478976234,micro_derived,False
323,34,NC_133059.1,1875189.0,1875128,1878523,3396,10,1628,True,0.992078001218769,micro_derived,False
324,34,NC_133059.1,1943984.0,1940524,1944046,3523,9,1329,True,0.8098720292504571,micro_derived,False
325,34,NC_133059.1,2223577.0,2223309,2226796,3488,9,1593,True,0.9707495429616088,micro_derived,False
326,34,NC_133059.1,2240546.0,2237326,2240814,3489,9,1836,True,1.1188299817184644,micro_derived,False
327,35,NC_133060.1,2234969.0,2231709,2235102,3394,9,1278,True,0.7787934186471663,micro_derived,False
328,35,NC_133060.1,2261475.0,2258214,2261608,3395,8,1527,True,0.9305301645338209,micro_derived,False
329,35,NC_133060.1,2270234.0,2270102,2273496,3395,8,1233,True,0.7513711151736746,micro_derived,False
330,35,NC_133060.1,2296974.0,2293713,2297107,3395,8,1560,True,0.9506398537477148,micro_derived,False
331,35,NC_133060.1,2326498.0,2323237,2326715,3479,8,1650,True,1.0054844606946984,micro_derived,False
332,35,NC_133060.1,2354847.0,2354715,2358098,3384,7,1542,True,0.9396709323583181,micro_derived,False
333,35,NC_133060.1,2391781.0,2388522,2391914,3393,8,1560,True,0.9506398537477148,micro_derived,False
334,35,NC_133060.1,2419621.0,2416361,2419838,3478,7,1701,True,1.036563071297989,micro_derived,False
335,35,NC_133060.1,2445904.0,2445772,2449165,3394,8,1560,True,0.9506398537477148,micro_derived,False
336,35,NC_133060.1,2473965.0,2470710,2474098,3389,9,1587,True,0.9670932358318098,micro_derived,False
337,35,NC_133060.1,2487335.0,2484076,2487552,3477,8,1323,True,0.8062157221206582,micro_derived,False
338,35,NC_133060.1,2512946.0,2509685,2513079,3395,8,1560,True,0.9506398537477148,micro_derived,False
339,35,NC_133060.1,2558252.0,2554992,2580750,25759,15,2919,True,1.7787934186471663,micro_derived,False
340,35,NC_133060.1,2619591.0,2616331,2619724,3394,7,1674,True,1.0201096892138939,micro_derived,False
341,35,NC_133060.1,2644854.0,2644722,2648116,3395,8,1653,True,1.0073126142595978,micro_derived,False
342,35,NC_133060.1,2670996.0,2667738,2671129,3392,8,1487,True,0.9061547836684948,micro_derived,False
343,35,NC_133060.1,2704950.0,2701691,2705011,3321,7,1626,True,0.9908592321755028,micro_derived,False
344,35,NC_133060.1,2728016.0,2727800,2731265,3466,8,1707,True,1.040219378427788,micro_derived,False
345,35,NC_133060.1,2800061.0,2799929,2803330,3402,8,1542,True,0.9396709323583181,micro_derived,False
346,35,NC_133060.1,2842048.0,2838781,2842181,3401,7,1635,True,0.9963436928702011,micro_derived,False
347,35,NC_133060.1,2868627.0,2865367,2868760,3394,8,1536,True,0.9360146252285192,micro_derived,False
348,35,NC_133060.1,2890331.0,2887071,2890464,3394,8,1560,True,0.9506398537477148,micro_derived,False
349,35,NC_133060.1,2918228.0,2918096,2921496,3401,8,1389,True,0.8464351005484461,micro_derived,False
350,35,NC_133060.1,2947433.0,2947301,2950695,3395,8,1653,True,1.0073126142595978,micro_derived,False
351,35,NC_133060.1,2984753.0,2984537,2988009,3473,8,1644,True,1.0018281535648994,micro_derived,False
352,35,NC_133060.1,3069798.0,3066534,3069931,3398,8,1569,True,0.9561243144424132,micro_derived,False
353,35,NC_133060.1,3098132.0,3098000,3101399,3400,8,1659,True,1.0109689213893966,micro_derived,False
354,35,NC_133060.1,3129852.0,3126591,3129985,3395,8,1560,True,0.9506398537477148,micro_derived,False
355,35,NC_133060.1,3154568.0,3154436,3157830,3395,8,1668,True,1.016453382084095,micro_derived,False
356,35,NC_133060.1,3181876.0,3181744,3185138,3395,8,1560,True,0.9506398537477148,micro_derived,False
357,35,NC_133060.1,3242455.0,3242323,3245713,3391,9,1536,True,0.9360146252285192,micro_derived,False
358,35,NC_133060.1,3270200.0,3270068,3273460,3393,7,1641,True,1.0,micro_derived,False
359,35,NC_133060.1,3294099.0,3290846,3294232,3387,7,1692,True,1.0310786106032908,micro_derived,False
360,35,NC_133060.1,3311008.0,3310876,3314269,3394,8,1560,True,0.9506398537477148,micro_derived,False
361,35,NC_133060.1,3335126.0,3331866,3335259,3394,8,1536,True,0.9360146252285192,micro_derived,False
362,35,NC_133060.1,3359203.0,3358987,3362465,3479,8,1230,True,0.7495429616087751,micro_derived,False
363,35,NC_133060.1,3380948.0,3380816,3384201,3386,7,1224,True,0.7458866544789763,micro_derived,False
364,35,NC_133060.1,3429210.0,3425950,3429271,3322,7,1602,True,0.9762340036563071,micro_derived,False
365,35,NC_133060.1,3456602.0,3453342,3456735,3394,7,1734,True,1.056672760511883,micro_derived,False
366,35,NC_133060.1,3473972.0,3473840,3477233,3394,8,1272,True,0.7751371115173674,micro_derived,False
367,35,NC_133060.1,3526126.0,3522849,3526187,3339,8,1596,True,0.9725776965265083,micro_derived,False
368,35,NC_133060.1,3564255.0,3560995,3564388,3394,8,1659,True,1.0109689213893966,micro_derived,False
369,35,NC_133060.1,3590403.0,3587142,3590536,3395,8,1560,True,0.9506398537477148,micro_derived,False
370,35,NC_133060.1,3619077.0,3618945,3622332,3388,8,1530,True,0.9323583180987203,micro_derived,False
371,35,NC_133060.1,3645374.0,3645158,3648697,3540,8,1698,True,1.0347349177330896,micro_derived,False
372,35,NC_133060.1,3679953.0,3676694,3680014,3321,8,1488,True,0.906764168190128,micro_derived,False
373,35,NC_133060.1,3707788.0,3707656,3711036,3381,9,1506,True,0.9177330895795247,micro_derived,False
374,35,NC_133060.1,3744046.0,3740785,3744179,3395,8,1251,True,0.7623400365630713,micro_derived,False
375,36,NC_133061.1,1716448.0,1716181,1719660,3480,8,1404,True,0.8555758683729433,micro_derived,False
376,36,NC_133061.1,2336309.0,2336066,2339531,3466,8,1629,True,0.9926873857404022,micro_derived,False
377,36,NC_133061.1,2440116.0,2439849,2443322,3474,9,1560,True,0.9506398537477148,micro_derived,False
378,36,NC_133061.1,2599067.0,2595912,2599335,3424,9,1833,True,1.117001828153565,micro_derived,False
379,36,NC_133061.1,2709852.0,2706631,2709913,3283,9,1371,True,0.8354661791590493,micro_derived,False
380,36,NC_133061.1,2793580.0,2791567,2793848,2282,5,957,True,0.583180987202925,micro_derived,False
381,36,NC_133061.1,3238727.0,3234909,3238995,4087,9,1821,True,1.1096892138939671,micro_derived,False
382,36,NC_133061.1,3270509.0,3267027,3270717,3691,12,1898,True,1.1566118220597197,micro_derived,False
383,36,NC_133061.1,3280342.0,3277103,3280404,3302,9,1464,True,0.8921389396709324,micro_derived,False
384,36,NC_133061.1,3598932.0,3595701,3599149,3449,9,1515,True,0.923217550274223,micro_derived,False
385,36,NC_133061.1,3777852.0,3777810,3781058,3249,9,1320,True,0.8043875685557587,micro_derived,False
386,36,NC_133061.1,3828837.0,3828621,3832059,3439,9,1518,True,0.9250457038391224,micro_derived,False
387,36,NC_133061.1,3910737.0,3907516,3911005,3490,7,1356,True,0.8263254113345521,micro_derived,False
388,37,NC_133062.1,1964476.0,1964424,1967937,3514,8,1344,True,0.8190127970749543,micro_derived,False
389,37,NC_133062.1,2058547.0,2058486,2062004,3519,9,1230,True,0.7495429616087751,micro_derived,False
390,37,NC_133062.1,2411703.0,2411651,2415156,3506,8,1344,True,0.8190127970749543,micro_derived,False
391,37,NC_133062.1,2499273.0,2496059,2499517,3459,8,1431,True,0.8720292504570384,micro_derived,False
392,37,NC_133062.1,2607326.0,2607194,2610565,3372,8,1260,True,0.7678244972577697,micro_derived,False
393,37,NC_133062.1,3082354.0,3082087,3085570,3484,9,1545,True,0.9414990859232175,micro_derived,False
394,37,NC_133062.1,3273989.0,3270775,3274233,3459,8,1446,True,0.8811700182815356,micro_derived,False
395,37,NC_133062.1,3703837.0,3703786,3707296,3511,9,1362,True,0.829981718464351,micro_derived,False
396,37,NC_133062.1,3823085.0,3822953,3826302,3350,9,1296,True,0.7897623400365631,micro_derived,False
397,37,NC_133062.1,4088784.0,4088541,4091980,3440,9,1476,True,0.8994515539305301,micro_derived,False
398,37,NC_133062.1,4126360.0,4126093,4129575,3483,7,1266,True,0.7714808043875686,micro_derived,False
399,37,NC_133062.1,4374643.0,4374591,4378102,3512,8,1344,True,0.8190127970749543,micro_derived,False
400,37,NC_133062.1,4686556.0,4683342,4686689,3348,7,1320,True,0.8043875685557587,micro_derived,False
401,37,NC_133062.1,4695388.0,4695121,4698602,3482,7,1257,True,0.7659963436928702,micro_derived,False
402,37,NC_133062.1,4949693.0,4949561,4952919,3359,9,1488,True,0.906764168190128,micro_derived,False
403,37,NC_133062.1,5839095.0,5839043,5856279,17237,9,1632,True,0.9945155393053017,micro_derived,False
405,37,NC_133062.1,6951863.0,6951802,6955125,3324,9,1284,True,0.7824497257769653,micro_derived,False
406,37,NC_133062.1,7121849.0,7118591,7122007,3417,10,1776,True,1.0822669104204754,micro_derived,False
407,37,NC_133062.1,7176522.0,7176315,7179757,3443,9,1509,True,0.9195612431444241,micro_derived,False
408,37,NC_133062.1,7191976.0,7188755,7192193,3439,9,1542,True,0.9396709323583181,micro_derived,False
409,37,NC_133062.1,7232446.0,7229212,7232508,3297,9,1620,True,0.9872029250457038,micro_derived,False
413,Z,NC_133063.1,,22440947,22442914,1968,5,1041,False,0.6343692870201096,sex_chrom,False
414,Z,NC_133063.1,,22443627,22446701,3075,6,1686,False,1.0274223034734917,sex_chrom,False
416,Z,NC_133063.1,,37022345,37023661,1317,5,933,False,0.5685557586837294,sex_chrom,False
