site,aa,prob,omega,se,significance
1,H,0.907,1.681,0.507,
5,A,0.538,1.254,0.416,
6,A,0.715,1.445,0.466,
7,K,0.617,1.333,0.424,
8,H,0.735,1.468,0.473,
9,C,0.982,1.767,0.502,*
12,S,0.779,1.523,0.49,
14,L,0.607,1.32,0.414,
17,L,0.769,1.515,0.495,
19,L,0.725,1.452,0.46,
22,N,0.537,1.248,0.381,
25,T,0.681,1.395,0.431,
26,T,0.503,1.217,0.401,
33,F,0.773,1.505,0.469,
35,S,0.531,1.248,0.42,
36,T,0.697,1.416,0.443,
37,C,0.903,1.674,0.504,
38,S,0.908,1.69,0.52,
39,V,0.534,1.248,0.399,
43,S,0.785,1.534,0.497,
44,V,0.607,1.32,0.415,
45,A,0.941,1.725,0.514,
49,C,0.748,1.484,0.478,
55,M,0.535,1.246,0.378,
56,L,0.647,1.367,0.437,
60,M,0.819,1.574,0.5,
61,T,0.881,1.653,0.512,
63,P,0.821,1.569,0.491,
65,V,0.873,1.646,0.516,
67,M,0.892,1.663,0.508,
68,S,0.823,1.575,0.495,
69,H,0.727,1.466,0.485,
70,I,0.595,1.318,0.448,
71,A,0.602,1.32,0.43,
72,S,0.808,1.554,0.488,
73,C,0.554,1.268,0.404,
77,K,0.608,1.324,0.425,
80,W,0.559,1.27,0.39,
86,A,0.531,1.247,0.414,
87,F,0.602,1.312,0.405,
93,K,0.803,1.559,0.505,
94,L,0.684,1.412,0.463,
96,V,0.603,1.317,0.413,
